Sex,Length,Diameter,Height,Whole weight,Shucked weight,Viscera weight,Shell weight,Rings
I,0.427,0.327,0.12,0.343,0.14,0.053,0.108,12
F,0.626,0.488,0.145,1.199,0.394,0.284,0.334,14
I,0.181,0.145,0.042,0.039,0.017,0.007,0.014,4
I,0.535,0.413,0.135,0.816,0.399,0.144,0.239,12
M,0.476,0.347,0.12,0.526,0.212,0.157,0.144,10
I,0.472,0.38,0.12,0.65,0.382,0.129,0.131,7
I,0.36,0.269,0.087,0.213,0.075,0.057,0.062,6
F,0.56,0.434,0.141,0.965,0.447,0.214,0.25,7
M,0.656,0.533,0.168,1.379,0.608,0.305,0.391,9
M,0.614,0.51,0.167,1.182,0.543,0.242,0.33,12
M,0.478,0.359,0.134,0.535,0.202,0.113,0.163,10
M,0.575,0.477,0.134,1.084,0.47,0.202,0.335,12
M,0.562,0.482,0.155,0.973,0.484,0.231,0.247,8
I,0.562,0.416,0.156,0.688,0.294,0.151,0.214,10
F,0.342,0.287,0.063,0.208,0.073,0.049,0.067,10
F,0.597,0.434,0.152,0.85,0.476,0.183,0.237,8
I,0.21,0.15,0.051,0.04,0.017,0.013,0.016,4
F,0.643,0.508,0.166,1.505,0.704,0.319,0.425,11
M,0.593,0.457,0.19,1.056,0.509,0.228,0.259,10
M,0.662,0.54,0.174,1.278,0.513,0.296,0.357,16
M,0.515,0.417,0.139,0.685,0.279,0.151,0.188,10
I,0.451,0.328,0.111,0.405,0.174,0.073,0.136,10
M,0.67,0.586,0.181,1.388,0.602,0.256,0.442,11
M,0.458,0.423,0.129,0.741,0.439,0.172,0.147,10
I,0.301,0.223,0.071,0.102,0.429,0.015,0.038,5
I,0.449,0.353,0.105,0.394,0.158,0.088,0.11,6
I,0.414,0.328,0.126,0.411,0.153,0.078,0.157,13
F,0.668,0.525,0.201,1.612,0.723,0.384,0.432,11
M,0.546,0.469,0.185,1.051,0.378,0.177,0.39,19
F,0.559,0.426,0.109,0.946,0.461,0.174,0.22,8
I,0.489,0.393,0.119,0.523,0.234,0.101,0.153,8
M,0.584,0.482,0.172,1.165,0.547,0.244,0.323,9
I,0.178,0.12,0.034,0.025,0.01,0.006,0.009,4
F,0.71,0.54,0.2,1.442,0.48,0.326,0.54,20
F,0.5,0.41,0.121,0.802,0.296,0.175,0.229,13
I,0.408,0.325,0.101,0.371,0.169,0.076,0.096,8
F,0.547,0.523,0.217,1.243,0.496,0.282,0.339,12
M,0.59,0.5,0.166,1.042,0.494,0.257,0.306,10
M,0.63,0.483,0.156,1.257,0.654,0.268,0.289,9
M,0.689,0.51,0.178,1.573,0.86,0.32,0.409,11
I,0.419,0.323,0.121,0.36,0.156,0.087,0.091,7
I,0.255,0.191,0.061,0.094,0.046,0.024,0.027,4
M,0.594,0.437,0.156,0.971,0.521,0.207,0.24,8
I,0.496,0.414,0.144,0.689,0.25,0.128,0.233,10
I,0.264,0.185,0.068,0.078,0.028,0.019,0.024,6
I,0.411,0.339,0.12,0.338,0.131,0.08,0.104,6
M,0.456,0.353,0.121,0.456,0.184,0.096,0.138,8
M,0.52,0.419,0.13,0.65,0.27,0.157,0.185,7
M,0.683,0.513,0.166,1.492,0.734,0.354,0.402,10
F,0.548,0.422,0.131,0.78,0.377,0.175,0.181,9
I,0.389,0.261,0.091,0.191,0.087,0.042,0.06,5
I,0.616,0.455,0.128,0.819,0.448,0.15,0.251,9
F,0.568,0.444,0.171,0.939,0.305,0.202,0.407,14
F,0.604,0.453,0.135,0.833,0.385,0.177,0.252,10
I,0.398,0.334,0.101,0.319,0.109,0.073,0.097,8
I,0.349,0.261,0.103,0.211,0.091,0.047,0.061,6
F,0.583,0.521,0.178,1.284,0.608,0.301,0.334,9
I,0.371,0.251,0.082,0.186,0.075,0.051,0.061,7
I,0.422,0.365,0.119,0.38,0.141,0.093,0.121,9
F,0.389,0.294,0.158,0.375,0.165,0.074,0.107,7
M,0.493,0.399,0.136,0.546,0.222,0.099,0.185,12
I,0.473,0.348,0.123,0.365,0.121,0.083,0.142,6
M,0.388,0.317,0.103,0.289,0.102,0.078,0.104,10
M,0.597,0.437,0.148,1.01,0.469,0.205,0.252,11
I,0.447,0.335,0.118,0.392,0.169,0.083,0.127,8
F,0.647,0.509,0.191,1.601,0.732,0.305,0.463,9
F,0.553,0.477,0.181,1.026,0.416,0.265,0.29,17
M,0.512,0.408,0.131,0.767,0.291,0.162,0.197,9
I,0.273,0.234,0.073,0.097,0.041,0.018,0.034,7
M,0.566,0.454,0.143,0.701,0.339,0.167,0.216,9
M,0.506,0.391,0.125,0.558,0.254,0.132,0.172,10
I,0.405,0.328,0.106,0.316,0.139,0.075,0.099,8
M,0.452,0.362,0.13,0.539,0.208,0.133,0.146,12
I,0.46,0.356,0.121,0.476,0.206,0.114,0.137,9
I,0.521,0.387,0.136,0.607,0.225,0.133,0.174,10
M,0.642,0.517,0.19,1.289,0.591,0.235,0.407,11
I,0.346,0.24,0.091,0.168,0.059,0.039,0.056,9
F,0.65,0.503,0.168,1.253,0.532,0.276,0.414,20
I,0.323,0.279,0.105,0.176,0.077,0.041,0.063,6
I,0.363,0.273,0.086,0.208,0.08,0.047,0.069,7
I,0.461,0.338,0.132,0.402,0.165,0.097,0.124,7
I,0.439,0.352,0.115,0.371,0.16,0.081,0.108,7
F,0.399,0.315,0.113,0.323,0.128,0.067,0.096,10
I,0.368,0.304,0.09,0.257,0.115,0.062,0.074,9
F,0.669,0.538,0.175,1.584,0.641,0.27,0.457,18
F,0.5,0.368,0.129,0.713,0.164,0.138,0.213,22
M,0.422,0.307,0.128,0.674,0.276,0.164,0.188,9
F,0.613,0.454,0.175,0.979,0.43,0.211,0.322,10
I,0.467,0.36,0.136,0.402,0.137,0.063,0.171,11
M,0.6,0.503,0.173,1.018,0.386,0.28,0.273,11
M,0.541,0.442,0.126,0.939,0.392,0.241,0.277,11
F,0.619,0.42,0.143,0.867,0.358,0.234,0.225,11
M,0.59,0.441,0.166,1.01,0.452,0.237,0.236,9
M,0.37,0.296,0.097,0.265,0.097,0.059,0.088,9
M,0.373,0.3,0.125,0.294,0.116,0.066,0.086,9
M,0.5,0.452,0.146,0.935,0.354,0.192,0.244,14
I,0.375,0.279,0.092,0.229,0.096,0.057,0.067,7
M,0.577,0.45,0.139,0.856,0.48,0.189,0.208,7
M,0.438,0.334,0.096,0.377,0.176,0.077,0.104,7
M,0.676,0.52,0.2,1.504,0.759,0.403,0.385,12
F,0.34,0.263,0.082,0.213,0.099,0.021,0.051,6
M,0.548,0.457,0.171,0.886,0.301,0.181,0.333,16
I,0.601,0.431,0.172,0.933,0.376,0.211,0.249,13
F,0.783,0.638,0.187,2.618,0.945,0.588,0.602,22
M,0.632,0.479,0.173,1.445,0.609,0.306,0.49,11
F,0.471,0.402,0.148,0.743,0.243,0.181,0.263,11
F,0.681,0.562,0.216,1.651,0.605,0.438,0.439,15
I,0.309,0.229,0.077,0.121,0.052,0.026,0.04,6
M,0.671,0.519,0.173,1.537,0.663,0.365,0.41,10
I,0.514,0.413,0.141,0.752,0.34,0.177,0.234,8
I,0.459,0.358,0.124,0.518,0.274,0.113,0.142,8
I,0.352,0.29,0.095,0.22,0.096,0.046,0.083,11
I,0.196,0.13,0.042,0.032,0.013,0.005,0.009,4
F,0.491,0.431,0.131,0.68,0.256,0.155,0.238,11
I,0.52,0.402,0.147,0.69,0.306,0.134,0.223,10
F,0.529,0.391,0.123,0.607,0.273,0.125,0.191,12
I,0.556,0.434,0.136,0.782,0.297,0.206,0.288,12
M,0.745,0.6,0.213,2.563,0.882,0.46,0.67,17
I,0.373,0.277,0.087,0.195,0.066,0.036,0.06,7
M,0.384,0.27,0.106,0.225,0.091,0.06,0.077,9
F,0.618,0.474,0.14,1.317,0.598,0.255,0.351,14
I,0.444,0.321,0.119,0.399,0.189,0.072,0.108,7
F,0.599,0.456,0.145,0.841,0.355,0.205,0.194,7
I,0.441,0.338,0.101,0.405,0.209,0.089,0.092,6
I,0.549,0.386,0.126,0.67,0.37,0.136,0.17,9
M,0.575,0.493,0.178,1.17,0.6,0.233,0.333,10
F,0.641,0.469,0.145,1.074,0.344,0.228,0.362,15
F,0.639,0.53,0.187,1.406,0.551,0.304,0.433,11
F,0.548,0.451,0.159,0.657,0.33,0.177,0.243,8
F,0.592,0.48,0.157,0.849,0.304,0.269,0.264,10
M,0.519,0.407,0.124,0.568,0.232,0.109,0.168,7
I,0.484,0.381,0.13,0.602,0.293,0.138,0.163,8
M,0.714,0.514,0.154,1.429,0.73,0.3,0.309,11
M,0.433,0.358,0.119,0.531,0.242,0.09,0.162,9
F,0.52,0.402,0.127,0.601,0.225,0.209,0.165,15
M,0.665,0.524,0.196,1.633,0.719,0.344,0.434,11
I,0.504,0.411,0.145,0.604,0.291,0.149,0.163,8
M,0.699,0.562,0.189,1.659,0.87,0.318,0.477,13
M,0.408,0.325,0.13,0.419,0.157,0.093,0.148,9
F,0.659,0.497,0.185,1.539,0.66,0.313,0.403,11
M,0.43,0.33,0.118,0.454,0.199,0.101,0.125,9
I,0.378,0.293,0.078,0.137,0.06,0.031,0.042,7
I,0.247,0.197,0.061,0.089,0.043,0.014,0.025,4
M,0.603,0.486,0.138,0.942,0.373,0.187,0.308,9
M,0.634,0.466,0.175,1.095,0.458,0.267,0.319,12
I,0.528,0.366,0.133,0.52,0.228,0.131,0.161,8
M,0.674,0.522,0.216,1.692,0.692,0.305,0.483,11
I,0.512,0.425,0.133,0.754,0.378,0.209,0.218,9
F,0.565,0.46,0.148,1.06,0.373,0.199,0.191,14
F,0.751,0.589,0.224,1.892,0.777,0.465,0.577,10
F,0.773,0.594,0.203,2.035,1.0,0.479,0.488,11
I,0.401,0.289,0.112,0.311,0.167,0.044,0.091,7
I,0.271,0.201,0.06,0.097,0.033,0.025,0.024,6
M,0.564,0.44,0.167,1.205,0.494,0.192,0.428,16
M,0.629,0.499,0.159,1.04,0.475,0.195,0.359,10
M,0.637,0.516,0.175,1.635,0.912,0.302,0.401,13
I,0.281,0.228,0.079,0.13,0.068,0.025,0.029,5
I,0.367,0.278,0.077,0.177,0.079,0.049,0.068,6
M,0.62,0.526,0.148,1.295,0.553,0.345,0.326,9
F,0.557,0.454,0.157,0.963,0.315,0.175,0.341,16
M,0.617,0.472,0.152,1.126,0.475,0.266,0.307,9
M,0.322,0.239,0.06,0.118,0.04,0.032,0.04,11
M,0.559,0.482,0.151,1.105,0.458,0.205,0.413,13
F,0.566,0.461,0.175,1.099,0.362,0.176,0.388,17
I,0.575,0.443,0.153,0.628,0.276,0.135,0.225,9
F,0.406,0.29,0.092,0.235,0.081,0.053,0.079,10
M,0.529,0.389,0.145,0.896,0.275,0.174,0.288,12
F,0.48,0.392,0.152,0.647,0.275,0.151,0.214,15
M,0.176,0.129,0.04,0.031,0.011,0.008,0.01,5
F,0.516,0.425,0.135,0.89,0.275,0.155,0.282,19
I,0.409,0.308,0.111,0.375,0.172,0.078,0.114,7
M,0.552,0.417,0.142,0.695,0.317,0.143,0.179,6
M,0.534,0.415,0.147,0.734,0.238,0.132,0.268,22
I,0.436,0.362,0.113,0.461,0.212,0.086,0.141,10
M,0.456,0.385,0.134,0.458,0.217,0.121,0.143,10
M,0.553,0.489,0.162,1.005,0.413,0.231,0.329,10
I,0.512,0.404,0.126,0.624,0.295,0.144,0.147,8
F,0.518,0.429,0.165,0.845,0.312,0.155,0.285,13
M,0.728,0.563,0.215,2.167,1.134,0.526,0.423,10
M,0.61,0.478,0.162,1.018,0.529,0.22,0.253,8
F,0.633,0.5,0.167,1.249,0.572,0.345,0.37,9
F,0.637,0.491,0.168,1.479,0.858,0.252,0.347,11
I,0.298,0.202,0.054,0.105,0.043,0.017,0.034,5
I,0.507,0.398,0.116,0.647,0.25,0.142,0.2,8
M,0.694,0.53,0.197,2.075,1.12,0.473,0.491,10
M,0.587,0.456,0.152,1.003,0.468,0.194,0.271,9
M,0.741,0.573,0.233,1.72,0.607,0.325,0.599,22
I,0.529,0.46,0.14,0.71,0.277,0.148,0.203,9
I,0.487,0.339,0.111,0.344,0.144,0.073,0.116,11
I,0.381,0.291,0.097,0.266,0.138,0.033,0.087,10
F,0.505,0.403,0.13,0.662,0.311,0.174,0.178,10
F,0.617,0.497,0.174,1.154,0.522,0.295,0.31,11
I,0.572,0.424,0.163,0.769,0.344,0.142,0.239,9
F,0.652,0.48,0.176,1.426,0.631,0.334,0.352,9
M,0.579,0.435,0.156,0.955,0.266,0.19,0.355,14
I,0.435,0.327,0.12,0.407,0.17,0.104,0.092,12
F,0.687,0.497,0.167,0.987,0.449,0.271,0.357,10
F,0.479,0.417,0.146,0.686,0.255,0.119,0.25,18
F,0.522,0.427,0.146,0.77,0.249,0.138,0.318,21
I,0.468,0.37,0.14,0.432,0.179,0.121,0.16,8
M,0.512,0.419,0.171,0.693,0.254,0.135,0.246,13
F,0.533,0.451,0.153,0.787,0.304,0.176,0.242,10
M,0.587,0.448,0.13,0.844,0.389,0.19,0.215,9
M,0.624,0.489,0.181,1.234,0.617,0.272,0.337,11
M,0.676,0.542,0.173,1.687,0.805,0.341,0.427,11
I,0.539,0.482,0.144,1.173,0.58,0.229,0.308,9
I,0.387,0.28,0.088,0.222,0.108,0.034,0.063,6
I,0.487,0.358,0.115,0.48,0.238,0.101,0.141,8
F,0.542,0.414,0.125,0.947,0.443,0.202,0.202,9
I,0.242,0.169,0.048,0.054,0.021,0.016,0.016,5
F,0.667,0.506,0.196,1.507,0.626,0.403,0.387,10
I,0.542,0.473,0.142,0.97,0.517,0.17,0.239,9
I,0.551,0.412,0.146,0.731,0.338,0.169,0.212,8
I,0.268,0.195,0.069,0.108,0.491,0.02,0.033,5
M,0.732,0.59,0.212,2.335,0.996,0.488,0.611,11
F,0.525,0.4,0.141,0.774,0.473,0.193,0.193,10
M,0.701,0.586,0.22,1.975,0.676,0.459,0.583,17
M,0.515,0.377,0.156,1.098,0.498,0.233,0.309,9
F,0.601,0.452,0.172,1.041,0.559,0.255,0.225,9
M,0.573,0.414,0.144,0.826,0.389,0.23,0.198,11
M,0.653,0.482,0.171,1.505,0.629,0.357,0.37,9
M,0.6,0.462,0.136,0.999,0.426,0.215,0.29,9
I,0.529,0.4,0.125,0.579,0.251,0.124,0.152,9
F,0.649,0.449,0.143,1.182,0.598,0.225,0.321,9
M,0.626,0.479,0.16,1.153,0.53,0.283,0.33,9
M,0.592,0.488,0.206,1.146,0.55,0.277,0.304,9
F,0.629,0.495,0.188,1.26,0.53,0.332,0.36,9
M,0.41,0.282,0.083,0.26,0.098,0.069,0.091,12
I,0.333,0.268,0.103,0.233,0.112,0.056,0.068,7
I,0.373,0.258,0.084,0.22,0.096,0.047,0.058,7
M,0.516,0.398,0.119,0.758,0.257,0.161,0.267,11
I,0.446,0.308,0.091,0.325,0.156,0.057,0.096,8
M,0.588,0.486,0.141,1.011,0.479,0.264,0.271,7
I,0.561,0.418,0.129,0.87,0.46,0.171,0.199,9
F,0.488,0.364,0.15,0.594,0.21,0.141,0.19,9
I,0.226,0.177,0.056,0.07,0.027,0.012,0.018,6
M,0.629,0.541,0.158,1.42,0.725,0.363,0.324,10
F,0.562,0.456,0.14,0.956,0.389,0.198,0.307,17
M,0.625,0.464,0.167,1.055,0.479,0.248,0.266,9
I,0.384,0.305,0.093,0.299,0.136,0.06,0.075,5
M,0.689,0.518,0.187,1.397,0.597,0.408,0.413,10
F,0.73,0.578,0.225,2.235,1.135,0.428,0.541,9
I,0.376,0.27,0.074,0.182,0.078,0.034,0.053,6
M,0.515,0.391,0.134,0.814,0.211,0.179,0.251,15
F,0.556,0.448,0.143,0.935,0.377,0.262,0.291,9
M,0.561,0.463,0.164,0.906,0.336,0.173,0.336,10
I,0.305,0.21,0.087,0.131,0.049,0.035,0.038,6
M,0.641,0.48,0.146,1.239,0.664,0.243,0.295,11
M,0.543,0.407,0.139,0.814,0.379,0.198,0.192,7
M,0.688,0.528,0.187,1.621,0.673,0.342,0.494,10
I,0.326,0.247,0.071,0.149,0.056,0.039,0.042,6
F,0.644,0.52,0.17,1.33,0.589,0.313,0.356,9
M,0.555,0.477,0.179,0.869,0.311,0.184,0.328,10
M,0.649,0.527,0.17,1.356,0.428,0.266,0.501,10
F,0.674,0.524,0.179,1.506,0.685,0.28,0.433,11
F,0.563,0.398,0.129,0.811,0.428,0.192,0.177,8
F,0.684,0.554,0.166,1.75,0.817,0.369,0.49,11
I,0.433,0.313,0.103,0.307,0.124,0.057,0.103,7
M,0.612,0.493,0.198,1.153,0.495,0.342,0.293,11
F,0.612,0.48,0.159,1.145,0.436,0.178,0.152,11
I,0.584,0.416,0.132,0.752,0.298,0.209,0.218,8
M,0.596,0.489,0.177,1.167,0.492,0.324,0.342,10
F,0.608,0.444,0.141,0.695,0.318,0.13,0.221,8
M,0.591,0.481,0.167,1.12,0.509,0.292,0.362,10
F,0.574,0.464,0.143,0.782,0.363,0.163,0.255,18
F,0.569,0.46,0.15,1.061,0.445,0.114,0.291,12
I,0.494,0.404,0.15,0.585,0.234,0.137,0.178,9
F,0.715,0.524,0.183,1.715,0.716,0.427,0.401,12
F,0.355,0.289,0.114,0.221,0.096,0.046,0.073,10
I,0.395,0.314,0.099,0.266,0.101,0.05,0.094,6
F,0.583,0.429,0.152,1.004,0.525,0.195,0.276,10
M,0.413,0.293,0.122,0.324,0.12,0.093,0.096,7
M,0.507,0.37,0.12,0.636,0.236,0.172,0.204,12
I,0.447,0.354,0.113,0.415,0.189,0.098,0.121,8
M,0.482,0.418,0.133,0.781,0.316,0.192,0.226,11
M,0.577,0.491,0.115,0.907,0.399,0.205,0.267,14
I,0.207,0.152,0.054,0.048,0.016,0.012,0.016,5
I,0.483,0.373,0.126,0.592,0.256,0.12,0.176,8
M,0.639,0.508,0.163,1.455,0.775,0.243,0.426,11
F,0.554,0.44,0.129,0.977,0.399,0.261,0.259,9
F,0.577,0.472,0.227,1.116,0.3,0.202,0.39,14
F,0.529,0.398,0.159,0.689,0.277,0.149,0.21,10
M,0.681,0.528,0.166,1.147,0.505,0.208,0.391,12
F,0.531,0.432,0.147,0.685,0.302,0.148,0.236,10
F,0.629,0.515,0.165,1.164,0.436,0.215,0.411,16
F,0.554,0.479,0.178,1.118,0.463,0.202,0.363,9
F,0.571,0.475,0.191,1.057,0.368,0.203,0.329,10
I,0.476,0.359,0.102,0.137,0.195,0.089,0.117,7
I,0.373,0.285,0.087,0.215,0.08,0.058,0.053,6
M,0.625,0.447,0.157,1.246,0.582,0.268,0.291,11
I,0.131,0.098,0.035,0.01,0.005,0.006,0.003,4
I,0.332,0.254,0.071,0.171,0.067,0.047,0.046,5
F,0.662,0.536,0.198,1.314,0.529,0.308,0.432,10
M,0.616,0.478,0.195,1.209,0.436,0.309,0.338,11
F,0.634,0.463,0.152,1.219,0.529,0.312,0.285,10
F,0.665,0.515,0.196,1.416,0.574,0.267,0.413,12
M,0.53,0.42,0.161,0.848,0.321,0.164,0.325,15
F,0.694,0.525,0.214,1.742,0.674,0.378,0.489,14
M,0.563,0.43,0.166,0.885,0.377,0.218,0.258,12
I,0.153,0.114,0.036,0.022,0.007,0.004,0.005,5
F,0.678,0.535,0.2,1.481,0.655,0.291,0.401,11
I,0.356,0.256,0.086,0.204,0.1,0.039,0.054,6
F,0.502,0.392,0.138,0.66,0.232,0.179,0.201,9
I,0.553,0.4,0.133,0.706,0.31,0.185,0.203,8
M,0.348,0.267,0.087,0.189,0.075,0.038,0.079,7
I,0.19,0.143,0.051,0.036,0.013,0.008,0.011,4
I,0.542,0.437,0.131,0.708,0.335,0.148,0.208,9
M,0.662,0.519,0.196,1.22,0.531,0.28,0.441,12
M,0.719,0.545,0.203,1.353,0.926,0.453,0.456,11
M,0.738,0.53,0.18,1.757,0.851,0.347,0.451,10
F,0.69,0.548,0.192,1.797,0.797,0.385,0.385,11
F,0.654,0.523,0.177,1.341,0.672,0.311,0.316,11
M,0.537,0.44,0.137,0.871,0.293,0.226,0.256,10
I,0.303,0.227,0.079,0.124,0.046,0.04,0.036,5
M,0.727,0.587,0.231,1.886,0.824,0.448,0.508,18
M,0.569,0.452,0.144,0.89,0.37,0.143,0.269,11
F,0.644,0.541,0.166,1.69,0.737,0.388,0.437,11
F,0.609,0.479,0.178,1.111,0.489,0.276,0.31,19
I,0.474,0.359,0.106,0.412,0.174,0.086,0.123,7
I,0.478,0.345,0.102,0.411,0.174,0.091,0.121,8
F,0.572,0.463,0.134,0.879,0.443,0.227,0.251,10
F,0.52,0.418,0.15,0.805,0.403,0.186,0.198,9
F,0.68,0.501,0.193,1.525,0.638,0.322,0.411,9
F,0.568,0.441,0.14,0.891,0.482,0.14,0.214,10
M,0.341,0.259,0.083,0.223,0.102,0.048,0.062,14
I,0.331,0.242,0.084,0.17,0.077,0.035,0.048,5
I,0.207,0.152,0.029,0.039,0.012,0.005,0.01,5
I,0.326,0.261,0.084,0.178,0.071,0.039,0.056,6
M,0.495,0.403,0.122,0.585,0.303,0.09,0.154,8
F,0.461,0.371,0.176,0.431,0.151,0.117,0.128,8
M,0.511,0.382,0.138,0.705,0.242,0.178,0.197,16
F,0.544,0.446,0.148,0.75,0.311,0.152,0.235,11
F,0.605,0.435,0.153,0.868,0.424,0.165,0.253,8
I,0.555,0.409,0.148,0.743,0.368,0.163,0.217,10
I,0.481,0.345,0.117,0.565,0.242,0.096,0.18,8
I,0.348,0.265,0.088,0.229,0.102,0.036,0.078,7
I,0.535,0.461,0.125,0.655,0.302,0.141,0.216,12
I,0.483,0.369,0.097,0.528,0.256,0.094,0.134,8
F,0.291,0.223,0.07,0.145,0.058,0.033,0.047,7
I,0.266,0.193,0.062,0.111,0.059,0.013,0.035,7
M,0.478,0.392,0.131,0.645,0.252,0.138,0.205,12
I,0.528,0.369,0.119,0.589,0.26,0.141,0.18,7
F,0.668,0.504,0.189,1.414,0.487,0.325,0.428,18
I,0.508,0.387,0.121,0.583,0.274,0.138,0.125,9
I,0.524,0.443,0.156,0.725,0.307,0.125,0.233,9
I,0.401,0.298,0.096,0.269,0.125,0.056,0.09,7
M,0.586,0.447,0.162,1.036,0.506,0.228,0.29,9
I,0.58,0.425,0.145,0.856,0.43,0.215,0.2,8
I,0.535,0.458,0.139,0.911,0.396,0.154,0.275,11
I,0.401,0.321,0.108,0.363,0.165,0.082,0.092,6
I,0.393,0.287,0.091,0.24,0.099,0.038,0.075,7
M,0.524,0.409,0.119,0.978,0.356,0.17,0.306,13
M,0.621,0.463,0.234,1.197,0.497,0.214,0.366,11
F,0.698,0.546,0.218,2.164,1.065,0.499,0.506,14
I,0.497,0.349,0.166,0.846,0.296,0.184,0.324,9
M,0.51,0.38,0.14,0.594,0.239,0.159,0.175,8
I,0.442,0.344,0.104,0.337,0.152,0.048,0.115,7
M,0.637,0.497,0.171,1.292,0.571,0.283,0.332,9
F,0.618,0.464,0.178,1.066,0.351,0.313,0.324,13
M,0.61,0.525,0.197,1.4,0.55,0.314,0.461,17
M,0.494,0.371,0.141,0.56,0.232,0.071,0.2,11
M,0.537,0.427,0.143,0.719,0.329,0.167,0.22,8
F,0.636,0.517,0.169,1.201,0.694,0.269,0.313,9
I,0.44,0.321,0.115,0.36,0.136,0.085,0.119,11
I,0.407,0.296,0.1,0.353,0.162,0.077,0.085,7
F,0.555,0.476,0.165,0.976,0.488,0.192,0.231,10
F,0.674,0.49,0.156,1.118,0.616,0.224,0.293,12
F,0.614,0.437,0.155,1.092,0.437,0.232,0.295,10
F,0.5,0.391,0.125,0.664,0.272,0.211,0.161,15
M,0.587,0.478,0.176,1.023,0.402,0.251,0.317,9
I,0.571,0.434,0.129,0.725,0.338,0.106,0.241,11
M,0.53,0.412,0.102,0.85,0.443,0.169,0.191,9
M,0.555,0.466,0.165,1.076,0.409,0.219,0.299,13
I,0.275,0.197,0.065,0.11,0.049,0.023,0.029,5
M,0.276,0.214,0.063,0.094,0.037,0.021,0.029,5
F,0.683,0.533,0.197,1.331,0.588,0.329,0.411,10
I,0.181,0.133,0.031,0.029,0.016,0.015,0.01,6
F,0.622,0.535,0.193,1.368,0.451,0.233,0.542,13
M,0.427,0.316,0.118,0.39,0.154,0.084,0.128,12
M,0.71,0.547,0.208,2.052,1.157,0.431,0.508,12
F,0.53,0.406,0.153,0.779,0.262,0.179,0.285,9
M,0.385,0.295,0.094,0.267,0.108,0.053,0.1,9
F,0.506,0.407,0.137,0.632,0.303,0.121,0.18,8
I,0.366,0.268,0.083,0.201,0.084,0.035,0.061,4
F,0.654,0.535,0.19,1.556,0.686,0.418,0.392,11
I,0.562,0.444,0.147,0.865,0.372,0.214,0.257,11
F,0.58,0.451,0.139,0.775,0.389,0.155,0.229,9
M,0.727,0.612,0.207,2.029,0.879,0.484,0.626,12
M,0.668,0.527,0.081,1.024,0.539,0.179,0.178,10
F,0.661,0.502,0.18,1.495,0.734,0.37,0.417,10
I,0.531,0.394,0.148,0.555,0.252,0.113,0.175,8
M,0.641,0.473,0.146,1.059,0.511,0.238,0.307,10
I,0.451,0.349,0.113,0.504,0.278,0.09,0.132,7
F,0.62,0.464,0.173,1.031,0.469,0.223,0.324,9
I,0.229,0.16,0.045,0.046,0.024,0.016,0.015,4
M,0.551,0.419,0.154,0.941,0.289,0.253,0.335,14
M,0.518,0.428,0.127,0.675,0.287,0.14,0.228,9
M,0.506,0.371,0.133,0.7,0.221,0.132,0.272,12
F,0.619,0.48,0.173,1.367,0.709,0.305,0.325,8
I,0.36,0.243,0.071,0.176,0.064,0.046,0.053,6
I,0.514,0.398,0.125,0.634,0.303,0.14,0.189,9
M,0.686,0.498,0.212,1.729,0.928,0.399,0.419,11
I,0.281,0.206,0.075,0.083,0.029,0.02,0.031,7
I,0.51,0.397,0.135,0.55,0.209,0.112,0.219,12
I,0.229,0.131,0.073,0.158,0.071,0.036,0.046,5
F,0.577,0.453,0.135,0.966,0.381,0.192,0.311,11
M,0.626,0.502,0.145,0.972,0.473,0.228,0.284,11
I,0.335,0.271,0.07,0.182,0.062,0.04,0.069,7
M,0.66,0.495,0.176,1.896,1.016,0.485,0.355,13
M,0.567,0.449,0.146,1.002,0.455,0.23,0.231,9
F,0.523,0.409,0.115,0.795,0.31,0.185,0.214,8
M,0.552,0.46,0.159,0.929,0.426,0.179,0.224,10
I,0.419,0.349,0.105,0.366,0.176,0.089,0.111,6
F,0.391,0.322,0.122,0.326,0.128,0.054,0.098,8
M,0.62,0.47,0.195,1.329,0.605,0.321,0.363,10
F,0.549,0.438,0.176,0.989,0.374,0.166,0.282,19
F,0.547,0.456,0.148,0.918,0.389,0.255,0.256,10
I,0.268,0.199,0.074,0.125,0.055,0.011,0.034,5
M,0.566,0.422,0.139,0.877,0.4,0.189,0.221,9
M,0.469,0.371,0.105,0.509,0.201,0.109,0.151,8
M,0.671,0.557,0.183,1.361,0.519,0.266,0.448,16
F,0.464,0.372,0.106,0.508,0.223,0.123,0.151,13
I,0.595,0.456,0.135,0.818,0.356,0.167,0.295,9
M,0.529,0.447,0.139,0.847,0.339,0.183,0.248,10
F,0.66,0.458,0.183,1.486,0.436,0.341,0.479,13
I,0.564,0.447,0.155,0.783,0.333,0.163,0.298,11
M,0.631,0.481,0.174,1.269,0.572,0.302,0.334,10
M,0.48,0.415,0.128,0.595,0.262,0.145,0.212,11
F,0.695,0.537,0.163,1.591,0.62,0.396,0.434,10
F,0.639,0.569,0.185,1.813,0.679,0.327,0.567,11
M,0.507,0.447,0.168,0.873,0.391,0.189,0.243,16
M,0.493,0.373,0.116,0.585,0.248,0.122,0.153,8
M,0.465,0.375,0.125,0.656,0.261,0.174,0.185,10
M,0.336,0.27,0.102,0.227,0.092,0.053,0.076,7
I,0.408,0.278,0.114,0.33,0.188,0.045,0.084,6
I,0.32,0.243,0.08,0.164,0.069,0.033,0.056,6
F,0.712,0.542,0.203,1.696,0.575,0.315,0.611,18
I,0.517,0.408,0.12,0.645,0.258,0.182,0.162,13
I,0.291,0.217,0.058,0.095,0.03,0.024,0.03,6
I,0.534,0.398,0.107,0.511,0.248,0.095,0.156,8
F,0.619,0.539,0.175,1.293,0.502,0.343,0.374,11
F,0.569,0.473,0.244,1.386,0.483,0.216,0.531,13
M,0.54,0.45,0.152,0.869,0.345,0.214,0.277,9
I,0.414,0.308,0.116,0.248,0.1,0.052,0.083,10
I,0.64,0.506,0.177,1.28,0.557,0.327,0.4,9
F,0.612,0.496,0.16,1.207,0.475,0.233,0.365,13
M,0.498,0.408,0.108,0.655,0.312,0.163,0.183,9
I,0.31,0.228,0.074,0.149,0.068,0.037,0.035,6
I,0.471,0.361,0.108,0.491,0.233,0.103,0.118,7
M,0.565,0.455,0.181,1.053,0.383,0.192,0.4,16
M,0.614,0.517,0.157,1.272,0.474,0.288,0.354,15
I,0.313,0.225,0.079,0.129,0.053,0.028,0.04,4
I,0.66,0.487,0.15,1.078,0.419,0.241,0.335,11
M,0.496,0.393,0.143,0.632,0.265,0.129,0.224,11
M,0.545,0.395,0.139,0.8,0.331,0.161,0.246,8
M,0.515,0.4,0.115,0.479,0.218,0.1,0.149,10
M,0.672,0.549,0.162,1.549,0.648,0.385,0.463,11
I,0.363,0.249,0.09,0.184,0.069,0.035,0.055,7
M,0.527,0.403,0.129,0.741,0.353,0.161,0.181,8
I,0.373,0.267,0.085,0.23,0.093,0.053,0.069,7
F,0.608,0.515,0.184,1.341,0.436,0.227,0.462,13
I,0.449,0.342,0.106,0.383,0.158,0.095,0.113,7
I,0.367,0.29,0.08,0.259,0.127,0.051,0.062,7
F,0.471,0.333,0.148,0.536,0.178,0.124,0.179,11
M,0.48,0.364,0.152,1.063,0.43,0.222,0.303,8
F,0.595,0.437,0.152,0.978,0.439,0.216,0.295,13
M,0.636,0.451,0.136,1.008,0.506,0.183,0.256,10
F,0.615,0.482,0.148,0.978,0.47,0.195,0.264,9
F,0.707,0.538,0.202,1.61,0.666,0.386,0.442,12
I,0.378,0.31,0.088,0.259,0.113,0.049,0.079,6
F,0.475,0.341,0.129,0.499,0.228,0.119,0.168,9
F,0.544,0.423,0.152,0.881,0.456,0.152,0.27,9
I,0.517,0.401,0.144,0.784,0.409,0.145,0.177,8
I,0.334,0.232,0.082,0.147,0.057,0.037,0.046,7
I,0.374,0.282,0.094,0.211,0.083,0.035,0.081,8
I,0.46,0.409,0.153,0.535,0.155,0.076,0.196,15
F,0.477,0.357,0.124,0.574,0.286,0.142,0.135,8
M,0.604,0.498,0.18,1.054,0.462,0.252,0.316,10
F,0.478,0.383,0.133,0.483,0.197,0.11,0.15,12
I,0.364,0.278,0.089,0.226,0.108,0.051,0.061,7
I,0.359,0.273,0.105,0.215,0.069,0.058,0.073,9
I,0.345,0.272,0.099,0.215,0.086,0.042,0.088,7
I,0.318,0.247,0.089,0.141,0.06,0.031,0.047,7
I,0.565,0.419,0.155,0.746,0.354,0.178,0.242,9
F,0.44,0.369,0.12,0.435,0.163,0.081,0.178,14
I,0.612,0.485,0.179,1.162,0.513,0.277,0.319,13
M,0.615,0.485,0.157,1.002,0.543,0.191,0.169,8
M,0.363,0.267,0.089,0.206,0.07,0.054,0.063,10
M,0.635,0.494,0.157,1.121,0.496,0.258,0.345,9
I,0.414,0.321,0.115,0.311,0.125,0.086,0.098,9
I,0.567,0.467,0.139,0.774,0.314,0.15,0.268,9
I,0.454,0.375,0.105,0.458,0.18,0.098,0.153,9
M,0.511,0.401,0.137,0.696,0.272,0.147,0.231,10
I,0.335,0.232,0.078,0.192,0.091,0.041,0.044,7
M,0.537,0.434,0.158,0.752,0.36,0.155,0.229,10
F,0.751,0.61,0.219,2.4,1.24,0.5,0.665,11
I,0.284,0.204,0.068,0.11,0.049,0.021,0.03,5
M,0.555,0.413,0.161,1.371,0.635,0.303,0.358,10
M,0.504,0.384,0.136,0.635,0.229,0.124,0.235,14
I,0.283,0.201,0.053,0.116,0.044,0.028,0.035,7
M,0.608,0.507,0.154,1.313,0.428,0.187,0.396,13
M,0.649,0.498,0.168,1.317,0.583,0.275,0.359,8
F,0.642,0.498,0.144,1.085,0.376,0.275,0.357,8
M,0.56,0.485,0.158,0.888,0.386,0.161,0.261,10
I,0.467,0.394,0.136,0.696,0.214,0.133,0.192,18
M,0.577,0.453,0.154,1.079,0.453,0.216,0.287,10
F,0.636,0.549,0.208,1.569,0.507,0.259,0.674,16
F,0.73,0.597,0.236,2.615,1.28,0.498,0.634,15
F,0.671,0.521,0.178,1.495,0.629,0.385,0.444,13
M,0.597,0.51,0.167,1.837,0.657,0.337,0.702,17
I,0.492,0.365,0.136,0.531,0.272,0.114,0.159,8
I,0.42,0.33,0.097,0.404,0.171,0.079,0.122,7
I,0.353,0.254,0.079,0.189,0.09,0.025,0.054,5
I,0.294,0.23,0.071,0.105,0.036,0.024,0.033,8
I,0.305,0.239,0.072,0.169,0.063,0.039,0.044,6
I,0.342,0.198,0.097,0.152,0.08,0.032,0.043,5
M,0.593,0.446,0.149,0.851,0.439,0.155,0.243,9
M,0.547,0.438,0.232,0.812,0.328,0.153,0.313,12
F,0.476,0.366,0.118,0.59,0.271,0.112,0.135,7
I,0.576,0.446,0.129,0.783,0.373,0.184,0.244,9
M,0.66,0.498,0.182,1.469,0.61,0.367,0.367,10
I,0.51,0.363,0.125,0.505,0.213,0.109,0.153,8
F,0.599,0.485,0.149,1.105,0.569,0.173,0.266,8
I,0.488,0.361,0.105,0.496,0.226,0.094,0.146,9
F,0.603,0.45,0.173,0.888,0.355,0.17,0.233,12
F,0.433,0.352,0.118,0.409,0.191,0.112,0.118,8
I,0.497,0.412,0.138,0.67,0.332,0.123,0.199,10
I,0.572,0.434,0.173,0.91,0.379,0.192,0.258,11
F,0.67,0.503,0.157,1.164,0.443,0.292,0.365,12
I,0.457,0.364,0.105,0.428,0.203,0.086,0.11,9
M,0.49,0.397,0.123,0.651,0.323,0.139,0.161,9
M,0.488,0.347,0.138,0.504,0.161,0.117,0.158,10
I,0.452,0.336,0.109,0.4,0.163,0.1,0.115,7
I,0.388,0.271,0.094,0.255,0.121,0.055,0.08,7
F,0.675,0.555,0.163,1.471,0.563,0.398,0.448,12
I,0.413,0.313,0.082,0.303,0.131,0.059,0.091,7
M,0.512,0.391,0.135,0.654,0.325,0.131,0.12,8
I,0.378,0.248,0.104,0.404,0.165,0.095,0.108,6
F,0.479,0.344,0.126,0.614,0.308,0.109,0.129,6
M,0.597,0.504,0.133,0.972,0.405,0.229,0.291,11
I,0.48,0.377,0.124,0.449,0.178,0.104,0.148,12
M,0.577,0.476,0.155,0.976,0.473,0.221,0.26,9
M,0.624,0.501,0.178,1.35,0.557,0.326,0.393,8
M,0.445,0.388,0.136,0.522,0.191,0.105,0.204,9
F,0.555,0.388,0.129,0.653,0.292,0.156,0.175,10
F,0.634,0.443,0.138,1.035,0.468,0.268,0.261,9
F,0.522,0.397,0.147,0.654,0.279,0.127,0.227,12
M,0.676,0.504,0.174,1.562,0.759,0.355,0.421,10
M,0.435,0.372,0.096,0.5,0.221,0.099,0.149,15
M,0.487,0.397,0.163,0.814,0.232,0.113,0.362,6
M,0.626,0.485,0.185,1.304,0.646,0.307,0.369,12
I,0.374,0.283,0.098,0.273,0.129,0.062,0.07,8
I,0.425,0.328,0.103,0.314,0.135,0.073,0.101,6
I,0.362,0.28,0.082,0.205,0.076,0.041,0.071,9
M,0.507,0.374,0.127,0.517,0.242,0.106,0.161,6
I,0.572,0.397,0.146,0.749,0.378,0.154,0.227,8
I,0.24,0.179,0.051,0.066,0.022,0.014,0.02,5
F,0.502,0.385,0.131,0.551,0.224,0.112,0.172,8
I,0.463,0.386,0.108,0.399,0.153,0.086,0.145,8
M,0.763,0.56,0.188,2.158,0.997,0.555,0.51,10
I,0.367,0.283,0.109,0.213,0.082,0.052,0.077,7
F,0.592,0.465,0.256,1.243,0.481,0.247,0.456,14
F,0.513,0.393,0.123,0.712,0.298,0.167,0.209,10
M,0.631,0.471,0.16,1.776,0.573,0.286,0.317,10
M,0.556,0.475,0.161,1.476,0.771,0.229,0.3,10
F,0.612,0.487,0.163,1.398,0.701,0.259,0.303,11
M,0.621,0.518,0.2,1.478,0.539,0.326,0.446,19
M,0.477,0.367,0.117,0.586,0.301,0.122,0.139,7
I,0.539,0.371,0.121,0.552,0.239,0.124,0.185,8
I,0.517,0.411,0.133,0.705,0.26,0.177,0.209,9
M,0.599,0.456,0.148,1.094,0.507,0.26,0.273,9
M,0.654,0.539,0.153,1.169,0.517,0.314,0.324,9
F,0.552,0.44,0.154,1.038,0.493,0.179,0.256,9
I,0.558,0.456,0.134,0.703,0.273,0.193,0.273,9
I,0.257,0.184,0.058,0.079,0.042,0.018,0.02,5
M,0.51,0.397,0.135,0.733,0.316,0.128,0.212,10
M,0.577,0.467,0.157,1.206,0.497,0.204,0.344,10
I,0.498,0.376,0.124,0.62,0.282,0.121,0.158,8
M,0.66,0.531,0.161,1.373,0.567,0.382,0.36,11
I,0.57,0.429,0.123,0.706,0.369,0.115,0.217,8
M,0.687,0.551,0.154,1.237,0.57,0.263,0.356,14
M,0.328,0.246,0.089,0.148,0.067,0.034,0.047,6
F,0.442,0.377,0.123,0.506,0.213,0.087,0.177,7
F,0.716,0.539,0.177,1.854,0.893,0.369,0.445,11
F,0.542,0.409,0.133,0.865,0.344,0.232,0.217,13
M,0.575,0.459,0.144,0.864,0.411,0.144,0.236,8
M,0.403,0.292,0.101,0.279,0.124,0.069,0.086,12
F,0.635,0.546,0.194,1.692,0.875,0.375,0.472,11
M,0.453,0.343,0.124,0.39,0.153,0.081,0.107,9
F,0.585,0.461,0.178,0.938,0.333,0.192,0.345,12
I,0.46,0.352,0.128,0.427,0.206,0.084,0.134,6
I,0.369,0.267,0.092,0.248,0.105,0.043,0.077,6
I,0.495,0.372,0.125,0.509,0.246,0.1,0.152,8
M,0.512,0.401,0.114,0.657,0.28,0.14,0.169,9
I,0.313,0.251,0.081,0.163,0.063,0.033,0.049,13
I,0.414,0.351,0.097,0.395,0.161,0.093,0.104,6
I,0.602,0.486,0.133,0.967,0.413,0.189,0.283,10
M,0.423,0.346,0.077,0.373,0.139,0.079,0.126,7
M,0.375,0.275,0.126,0.559,0.311,0.095,0.14,7
I,0.378,0.268,0.096,0.274,0.151,0.05,0.066,5
M,0.727,0.56,0.214,2.276,0.825,0.489,0.479,12
I,0.481,0.361,0.115,0.512,0.232,0.089,0.16,10
I,0.494,0.346,0.1,0.515,0.246,0.125,0.13,7
M,0.426,0.358,0.113,0.377,0.157,0.069,0.119,8
F,0.639,0.528,0.22,1.501,0.714,0.309,0.436,11
M,0.688,0.575,0.182,1.945,0.833,0.404,0.514,10
F,0.572,0.43,0.143,0.884,0.408,0.194,0.224,8
F,0.599,0.474,0.155,1.134,0.499,0.257,0.288,13
I,0.27,0.214,0.072,0.121,0.057,0.031,0.031,4
I,0.468,0.355,0.103,0.435,0.201,0.092,0.122,8
I,0.438,0.316,0.118,0.387,0.184,0.058,0.113,8
M,0.336,0.25,0.074,0.161,0.049,0.035,0.058,9
F,0.65,0.522,0.181,1.426,0.487,0.289,0.406,10
M,0.585,0.459,0.155,0.915,0.476,0.197,0.243,9
F,0.432,0.306,0.124,0.333,0.126,0.075,0.106,8
I,0.395,0.311,0.107,0.255,0.1,0.036,0.087,8
F,0.57,0.479,0.138,0.918,0.363,0.159,0.322,13
F,0.61,0.508,0.11,1.126,0.535,0.19,0.293,9
M,0.713,0.593,0.502,2.306,1.068,0.47,0.504,10
F,0.628,0.52,0.175,1.382,0.631,0.289,0.369,15
M,0.695,0.512,0.149,1.315,0.561,0.354,0.376,11
M,0.557,0.405,0.16,0.721,0.353,0.15,0.222,12
F,0.54,0.45,0.137,0.951,0.429,0.207,0.242,10
M,0.557,0.485,0.172,1.054,0.538,0.17,0.289,9
F,0.693,0.575,0.237,2.093,0.88,0.426,0.593,10
I,0.563,0.48,0.149,1.007,0.441,0.23,0.275,8
I,0.43,0.33,0.104,0.372,0.173,0.062,0.111,11
F,0.565,0.422,0.192,1.34,0.581,0.313,0.409,10
M,0.658,0.515,0.194,1.534,0.723,0.355,0.366,9
I,0.182,0.129,0.045,0.032,0.011,0.007,0.01,4
F,0.577,0.466,0.181,0.88,0.349,0.182,0.263,12
M,0.599,0.513,0.136,1.063,0.544,0.208,0.305,10
F,0.648,0.475,0.159,1.213,0.506,0.328,0.3,9
I,0.471,0.361,0.105,0.471,0.202,0.1,0.127,6
F,0.506,0.415,0.145,0.716,0.27,0.157,0.242,12
M,0.605,0.503,0.15,1.289,0.541,0.362,0.313,11
M,0.655,0.513,0.151,1.3,0.652,0.236,0.376,12
M,0.566,0.46,0.227,1.08,0.389,0.214,0.374,15
F,0.541,0.429,0.13,0.767,0.305,0.146,0.261,16
F,0.431,0.342,0.119,0.472,0.199,0.112,0.142,9
I,0.383,0.27,0.086,0.26,0.111,0.062,0.083,6
I,0.336,0.255,0.087,0.173,0.067,0.038,0.062,6
F,0.655,0.505,0.225,1.538,0.553,0.312,0.405,16
I,0.478,0.401,0.137,0.545,0.199,0.13,0.175,11
M,0.588,0.478,0.177,1.011,0.404,0.175,0.388,16
M,0.68,0.499,0.197,1.599,0.697,0.43,0.479,16
F,0.447,0.392,0.163,0.817,0.254,0.185,0.263,23
I,0.551,0.429,0.161,0.857,0.319,0.161,0.291,17
F,0.617,0.433,0.152,0.869,0.427,0.18,0.271,10
F,0.629,0.495,0.17,1.383,0.65,0.275,0.365,10
I,0.387,0.271,0.098,0.288,0.122,0.061,0.074,7
M,0.575,0.464,0.157,0.946,0.372,0.267,0.342,10
M,0.455,0.344,0.126,0.459,0.226,0.096,0.141,8
M,0.541,0.433,0.162,0.875,0.339,0.189,0.251,17
M,0.584,0.45,0.113,0.936,0.404,0.195,0.284,18
M,0.618,0.503,0.148,1.045,0.491,0.203,0.324,11
I,0.478,0.362,0.115,0.492,0.203,0.124,0.135,9
F,0.357,0.275,0.104,0.227,0.097,0.025,0.082,8
I,0.422,0.337,0.102,0.408,0.18,0.079,0.113,7
M,0.51,0.367,0.145,0.662,0.248,0.154,0.215,11
I,0.317,0.228,0.072,0.13,0.051,0.028,0.038,6
F,0.576,0.425,0.182,1.06,0.463,0.204,0.258,9
I,0.343,0.249,0.088,0.195,0.074,0.052,0.057,7
I,0.308,0.224,0.071,0.116,0.048,0.015,0.041,6
I,0.581,0.472,0.137,0.852,0.363,0.191,0.27,9
I,0.587,0.448,0.15,0.915,0.353,0.2,0.239,6
F,0.397,0.298,0.109,0.327,0.131,0.074,0.096,7
M,0.677,0.553,0.168,1.437,0.579,0.217,0.455,14
I,0.438,0.331,0.108,0.382,0.165,0.09,0.106,6
M,0.472,0.395,0.141,0.681,0.304,0.142,0.207,10
I,0.451,0.347,0.124,0.4,0.177,0.068,0.131,8
I,0.437,0.368,0.095,0.36,0.148,0.076,0.117,8
F,0.628,0.468,0.144,0.946,0.386,0.217,0.244,8
F,0.661,0.547,0.169,1.585,0.613,0.282,0.464,14
F,0.674,0.545,0.215,2.335,0.972,0.476,0.615,10
M,0.654,0.502,0.173,1.465,0.679,0.402,0.345,11
M,0.644,0.477,0.226,0.979,0.43,0.169,0.276,11
F,0.432,0.356,0.171,0.428,0.15,0.079,0.154,12
I,0.436,0.353,0.143,0.462,0.214,0.11,0.127,16
F,0.507,0.373,0.188,0.57,0.24,0.153,0.164,12
M,0.643,0.53,0.182,1.467,0.684,0.302,0.354,14
I,0.507,0.406,0.141,0.576,0.241,0.129,0.181,8
M,0.542,0.404,0.162,0.626,0.267,0.162,0.221,12
F,0.513,0.446,0.134,0.899,0.41,0.174,0.214,10
F,0.458,0.389,0.15,0.593,0.225,0.139,0.233,12
M,0.553,0.402,0.125,0.823,0.418,0.191,0.178,7
M,0.692,0.59,0.177,1.704,0.878,0.346,0.426,9
M,0.583,0.467,0.141,0.83,0.34,0.154,0.242,9
I,0.468,0.374,0.115,0.484,0.217,0.106,0.156,8
I,0.573,0.459,0.144,0.73,0.359,0.163,0.221,8
F,0.573,0.475,0.145,0.994,0.514,0.202,0.245,12
F,0.468,0.357,0.11,0.472,0.203,0.117,0.12,7
F,0.512,0.417,0.125,0.736,0.342,0.135,0.204,9
M,0.616,0.457,0.146,1.248,0.712,0.204,0.239,7
I,0.369,0.279,0.096,0.276,0.173,0.043,0.068,7
M,0.52,0.406,0.137,0.75,0.397,0.139,0.198,8
F,0.57,0.436,0.167,0.926,0.415,0.263,0.267,12
I,0.321,0.209,0.06,0.13,0.061,0.037,0.036,5
F,0.474,0.381,0.131,0.586,0.24,0.122,0.194,13
I,0.229,0.165,0.052,0.052,0.018,0.012,0.018,4
I,0.52,0.386,0.136,0.533,0.239,0.128,0.146,8
F,0.556,0.475,0.127,0.909,0.405,0.212,0.22,8
F,0.581,0.458,0.162,1.096,0.394,0.234,0.428,20
M,0.402,0.3,0.105,0.275,0.101,0.065,0.096,9
M,0.428,0.366,0.125,0.467,0.127,0.083,0.194,9
I,0.586,0.469,0.146,0.959,0.442,0.179,0.274,9
F,0.663,0.536,0.22,1.51,0.646,0.479,0.358,11
F,0.637,0.486,0.176,1.266,0.466,0.393,0.294,11
M,0.523,0.37,0.111,0.642,0.348,0.158,0.145,9
M,0.65,0.5,0.171,1.421,0.58,0.304,0.399,12
M,0.549,0.427,0.127,0.777,0.385,0.178,0.188,8
I,0.439,0.323,0.095,0.361,0.158,0.093,0.096,9
I,0.545,0.451,0.149,0.915,0.49,0.177,0.241,9
I,0.513,0.421,0.111,0.593,0.254,0.119,0.196,9
I,0.421,0.319,0.115,0.318,0.131,0.048,0.091,8
F,0.621,0.511,0.186,1.383,0.542,0.38,0.408,10
M,0.455,0.38,0.121,0.578,0.222,0.128,0.201,13
M,0.571,0.431,0.147,0.906,0.379,0.189,0.24,8
F,0.618,0.55,0.165,1.57,0.694,0.361,0.417,17
M,0.437,0.344,0.105,0.471,0.229,0.088,0.115,7
I,0.576,0.447,0.13,0.768,0.365,0.165,0.22,9
M,0.548,0.388,0.163,0.747,0.289,0.142,0.286,18
F,0.509,0.401,0.12,0.571,0.254,0.11,0.137,6
I,0.457,0.37,0.118,0.45,0.185,0.081,0.144,9
M,0.594,0.489,0.164,1.104,0.5,0.29,0.293,10
M,0.489,0.384,0.107,0.478,0.219,0.112,0.144,8
F,0.56,0.465,0.147,0.716,0.307,0.147,0.279,10
F,0.614,0.475,0.161,1.051,0.477,0.223,0.31,10
M,0.581,0.479,0.134,0.946,0.349,0.184,0.291,13
M,0.571,0.445,0.162,0.888,0.423,0.176,0.251,14
I,0.499,0.382,0.116,0.508,0.229,0.121,0.138,7
M,0.623,0.478,0.187,1.243,0.606,0.283,0.285,8
I,0.339,0.26,0.076,0.217,0.098,0.036,0.068,6
I,0.509,0.341,0.108,0.47,0.205,0.126,0.134,10
M,0.482,0.348,0.123,0.523,0.195,0.112,0.19,9
I,0.346,0.269,0.087,0.21,0.093,0.041,0.063,6
I,0.592,0.456,0.146,0.886,0.406,0.179,0.267,11
M,0.508,0.405,0.16,0.771,0.332,0.157,0.252,12
F,0.654,0.474,0.198,1.427,0.59,0.276,0.366,11
I,0.494,0.371,0.129,0.528,0.208,0.103,0.181,9
M,0.688,0.493,0.154,1.239,0.606,0.274,0.293,8
M,0.491,0.367,0.124,0.611,0.321,0.093,0.181,8
I,0.534,0.43,0.157,0.78,0.384,0.178,0.238,14
M,0.463,0.34,0.135,0.472,0.178,0.117,0.155,11
I,0.47,0.333,0.105,0.438,0.205,0.086,0.123,9
I,0.321,0.239,0.087,0.157,0.067,0.026,0.044,5
F,0.442,0.326,0.126,0.409,0.158,0.093,0.136,7
M,0.337,0.254,0.072,0.164,0.061,0.036,0.059,8
M,0.655,0.485,0.146,1.199,0.469,0.252,0.218,8
M,0.616,0.508,0.18,1.206,0.545,0.295,0.344,12
F,0.294,0.221,0.075,0.143,0.053,0.025,0.039,5
F,0.512,0.419,0.119,0.765,0.406,0.165,0.184,7
F,0.655,0.534,0.186,1.537,0.639,0.406,0.417,11
M,0.401,0.316,0.089,0.316,0.129,0.075,0.114,8
F,0.548,0.43,0.134,0.82,0.438,0.178,0.182,9
I,0.438,0.334,0.102,0.367,0.15,0.086,0.108,7
M,0.467,0.364,0.109,0.417,0.167,0.101,0.146,11
M,0.202,0.148,0.047,0.041,0.017,0.005,0.016,7
F,0.579,0.48,0.165,1.099,0.487,0.26,0.305,12
M,0.67,0.525,0.179,1.31,0.766,0.184,0.381,12
I,0.45,0.352,0.14,0.508,0.268,0.097,0.107,7
I,0.502,0.383,0.12,0.533,0.215,0.126,0.163,8
M,0.609,0.457,0.177,1.115,0.399,0.235,0.366,17
M,0.205,0.145,0.052,0.033,0.01,0.008,0.012,4
M,0.539,0.474,0.165,0.892,0.408,0.177,0.237,11
M,0.779,0.55,0.188,1.748,0.712,0.37,0.586,14
M,0.641,0.515,0.172,1.173,0.507,0.305,0.338,10
F,0.631,0.432,0.144,0.902,0.427,0.193,0.216,8
F,0.523,0.432,0.154,0.705,0.268,0.187,0.222,14
M,0.348,0.27,0.088,0.186,0.078,0.049,0.057,6
M,0.345,0.244,0.099,0.22,0.077,0.035,0.067,9
M,0.597,0.404,0.143,0.982,0.446,0.192,0.265,8
F,0.63,0.483,0.161,1.113,0.57,0.233,0.309,9
I,0.488,0.381,0.123,0.617,0.353,0.111,0.163,8
F,0.538,0.431,0.124,0.803,0.316,0.176,0.258,13
I,0.316,0.247,0.071,0.167,0.077,0.026,0.047,6
F,0.457,0.39,0.121,0.462,0.191,0.111,0.121,10
I,0.432,0.312,0.115,0.371,0.177,0.09,0.096,5
F,0.681,0.497,0.179,1.459,0.634,0.272,0.434,13
M,0.617,0.499,0.155,1.146,0.376,0.247,0.388,20
M,0.656,0.539,0.179,1.628,0.786,0.38,0.442,8
M,0.596,0.428,0.157,0.878,0.394,0.217,0.214,9
M,0.423,0.359,0.147,0.467,0.213,0.099,0.109,15
I,0.32,0.199,0.077,0.099,0.039,0.022,0.033,8
M,0.709,0.523,0.179,1.584,0.755,0.344,0.36,11
M,0.61,0.469,0.176,1.154,0.442,0.34,0.294,11
I,0.604,0.491,0.159,1.136,0.544,0.269,0.327,11
M,0.455,0.379,0.121,0.562,0.277,0.09,0.175,8
M,0.609,0.44,0.155,0.971,0.364,0.25,0.265,10
F,0.541,0.437,0.119,0.735,0.335,0.219,0.244,9
M,0.727,0.526,0.195,1.681,0.83,0.376,0.477,11
I,0.463,0.358,0.115,0.451,0.223,0.097,0.111,7
M,0.543,0.42,0.179,1.285,0.571,0.34,0.349,13
M,0.671,0.515,0.181,1.532,0.669,0.305,0.405,10
I,0.361,0.281,0.1,0.238,0.114,0.043,0.067,6
F,0.511,0.421,0.155,0.737,0.283,0.158,0.215,10
I,0.264,0.184,0.059,0.098,0.046,0.016,0.03,5
F,0.289,0.212,0.074,0.271,0.115,0.071,0.034,6
M,0.691,0.525,0.17,1.846,0.838,0.359,0.489,10
F,0.436,0.365,0.099,0.447,0.175,0.077,0.181,7
M,0.633,0.466,0.16,0.982,0.455,0.233,0.274,9
F,0.469,0.341,0.121,0.431,0.18,0.091,0.152,11
M,0.542,0.446,0.17,0.749,0.266,0.162,0.276,13
F,0.71,0.558,0.192,1.599,0.667,0.319,0.457,11
F,0.637,0.532,0.171,1.179,0.503,0.23,0.308,14
F,0.664,0.503,0.178,1.546,0.564,0.301,0.437,11
I,0.626,0.485,0.17,1.202,0.458,0.311,0.318,14
I,0.603,0.478,0.152,0.824,0.348,0.17,0.298,10
M,0.473,0.364,0.121,0.463,0.207,0.107,0.154,10
M,0.647,0.507,0.147,1.138,0.517,0.223,0.325,10
F,0.643,0.536,0.2,1.519,0.674,0.314,0.449,11
M,0.654,0.561,0.184,1.736,0.705,0.363,0.502,11
I,0.473,0.36,0.143,0.635,0.271,0.142,0.191,8
I,0.559,0.433,0.142,0.983,0.412,0.215,0.261,16
M,0.578,0.489,0.183,1.171,0.517,0.273,0.301,10
M,0.674,0.466,0.167,1.334,0.637,0.29,0.355,10
F,0.62,0.481,0.175,1.433,0.574,0.339,0.294,12
I,0.451,0.321,0.089,0.443,0.222,0.091,0.096,7
F,0.5,0.391,0.126,0.636,0.296,0.123,0.18,8
M,0.579,0.455,0.162,1.186,0.489,0.245,0.308,8
F,0.591,0.469,0.171,1.26,0.547,0.305,0.36,11
I,0.503,0.377,0.14,0.577,0.244,0.115,0.163,7
F,0.554,0.457,0.181,1.014,0.456,0.232,0.274,9
I,0.357,0.284,0.09,0.269,0.104,0.06,0.071,7
F,0.691,0.521,0.193,1.675,0.77,0.335,0.475,11
F,0.491,0.381,0.15,0.608,0.194,0.157,0.218,10
F,0.568,0.491,0.169,0.935,0.354,0.191,0.292,10
F,0.509,0.392,0.124,0.597,0.242,0.134,0.175,7
I,0.254,0.198,0.058,0.078,0.033,0.014,0.022,4
M,0.674,0.529,0.167,1.208,0.485,0.288,0.366,11
I,0.473,0.361,0.124,0.494,0.178,0.105,0.17,9
M,0.627,0.531,0.19,1.35,0.591,0.273,0.397,9
M,0.429,0.329,0.117,0.394,0.154,0.09,0.131,10
M,0.571,0.448,0.15,0.958,0.331,0.189,0.305,11
I,0.474,0.343,0.114,0.464,0.226,0.071,0.114,8
F,0.607,0.517,0.154,1.345,0.579,0.329,0.358,10
I,0.421,0.315,0.093,0.286,0.128,0.053,0.09,6
F,0.576,0.471,0.165,1.107,0.52,0.224,0.283,13
I,0.386,0.328,0.105,0.338,0.153,0.079,0.102,9
M,0.599,0.468,0.12,1.078,0.407,0.292,0.319,14
I,0.297,0.218,0.082,0.133,0.056,0.028,0.037,5
F,0.607,0.474,0.165,1.115,0.476,0.215,0.322,9
F,0.642,0.518,0.187,1.496,0.653,0.345,0.424,18
F,0.504,0.396,0.118,0.659,0.3,0.159,0.177,8
F,0.568,0.444,0.158,0.813,0.352,0.189,0.221,9
M,0.518,0.409,0.121,0.911,0.354,0.247,0.265,13
I,0.461,0.355,0.101,0.471,0.204,0.094,0.122,7
M,0.45,0.336,0.122,0.387,0.206,0.09,0.104,7
F,0.647,0.517,0.177,1.399,0.537,0.317,0.366,10
I,0.472,0.352,0.118,0.477,0.22,0.094,0.115,7
M,0.529,0.403,0.136,0.867,0.311,0.148,0.325,18
M,0.617,0.48,0.175,1.278,0.632,0.277,0.33,10
I,0.538,0.405,0.14,0.731,0.326,0.146,0.26,9
M,0.656,0.478,0.149,1.229,0.569,0.252,0.302,9
M,0.603,0.5,0.168,1.064,0.447,0.269,0.304,9
M,0.615,0.453,0.165,0.968,0.438,0.214,0.305,9
F,0.39,0.289,0.119,0.302,0.122,0.081,0.086,7
I,0.518,0.406,0.131,0.6,0.245,0.152,0.189,8
I,0.449,0.372,0.127,0.462,0.181,0.083,0.155,11
F,0.684,0.472,0.168,1.302,0.562,0.302,0.357,11
M,0.689,0.531,0.212,1.421,0.662,0.327,0.453,11
I,0.602,0.483,0.162,1.015,0.394,0.271,0.268,13
M,0.285,0.215,0.099,0.117,0.054,0.03,0.03,5
M,0.395,0.275,0.096,0.222,0.084,0.051,0.073,6
F,0.654,0.552,0.182,1.574,0.617,0.313,0.499,10
I,0.656,0.474,0.133,1.128,0.468,0.261,0.291,10
I,0.454,0.388,0.107,0.426,0.16,0.089,0.138,10
F,0.573,0.466,0.166,1.0,0.334,0.232,0.367,12
F,0.518,0.367,0.131,0.673,0.387,0.119,0.157,8
M,0.683,0.542,0.184,1.554,0.638,0.311,0.523,9
F,0.503,0.429,0.175,0.817,0.274,0.168,0.316,13
F,0.629,0.463,0.184,1.23,0.597,0.299,0.359,7
M,0.361,0.243,0.063,0.178,0.071,0.04,0.063,10
F,0.623,0.468,0.194,1.239,0.368,0.282,0.42,23
F,0.368,0.305,0.114,0.283,0.125,0.062,0.088,10
I,0.283,0.224,0.076,0.116,0.048,0.028,0.034,7
I,0.472,0.365,0.119,0.547,0.274,0.11,0.129,8
F,0.442,0.344,0.114,0.453,0.208,0.115,0.114,6
I,0.345,0.272,0.091,0.202,0.07,0.051,0.061,5
I,0.539,0.395,0.138,0.639,0.251,0.153,0.169,8
M,0.454,0.374,0.106,0.438,0.168,0.104,0.174,9
M,0.532,0.438,0.16,0.741,0.305,0.121,0.257,17
I,0.456,0.316,0.101,0.387,0.182,0.079,0.1,7
I,0.626,0.447,0.132,0.916,0.437,0.2,0.258,9
M,0.534,0.43,0.132,0.814,0.34,0.166,0.288,13
I,0.378,0.288,0.092,0.3,0.148,0.07,0.079,5
I,0.384,0.288,0.089,0.258,0.106,0.053,0.084,7
I,0.415,0.344,0.122,0.368,0.144,0.061,0.107,9
F,0.55,0.449,0.177,0.895,0.373,0.204,0.304,9
F,0.538,0.392,0.119,0.569,0.184,0.151,0.169,9
M,0.529,0.386,0.123,0.622,0.29,0.149,0.161,7
I,0.462,0.339,0.114,0.496,0.303,0.093,0.123,6
I,0.403,0.318,0.105,0.272,0.094,0.061,0.087,7
F,0.574,0.468,0.148,1.005,0.547,0.191,0.204,9
I,0.43,0.313,0.105,0.316,0.139,0.062,0.101,7
M,0.706,0.587,0.194,1.743,0.742,0.389,0.531,11
F,0.601,0.451,0.144,1.043,0.391,0.238,0.351,12
F,0.404,0.334,0.11,0.403,0.162,0.084,0.141,8
F,0.553,0.465,0.143,0.854,0.406,0.223,0.225,8
F,0.624,0.522,0.206,1.352,0.639,0.334,0.423,13
M,0.558,0.462,0.165,0.965,0.463,0.224,0.254,7
M,0.713,0.527,0.167,1.468,0.696,0.284,0.406,11
M,0.54,0.417,0.103,0.704,0.314,0.169,0.173,12
I,0.296,0.209,0.06,0.099,0.04,0.021,0.033,5
I,0.191,0.131,0.046,0.028,0.011,0.007,0.01,4
M,0.421,0.342,0.115,0.419,0.202,0.07,0.127,7
F,0.542,0.462,0.155,0.961,0.438,0.213,0.283,12
F,0.529,0.394,0.146,0.73,0.318,0.12,0.24,10
I,0.414,0.307,0.11,0.312,0.113,0.063,0.096,6
I,0.507,0.359,0.119,0.627,0.307,0.116,0.188,9
I,0.316,0.219,0.087,0.13,0.045,0.039,0.041,7
I,0.465,0.381,0.114,0.462,0.16,0.094,0.173,7
F,0.663,0.56,0.162,1.517,0.513,0.357,0.485,14
M,0.418,0.35,0.127,0.466,0.173,0.117,0.148,12
M,0.386,0.277,0.102,0.258,0.119,0.064,0.078,11
I,0.336,0.273,0.076,0.204,0.087,0.049,0.056,5
M,0.554,0.443,0.152,0.825,0.336,0.214,0.25,10
F,0.448,0.351,0.123,0.443,0.183,0.105,0.157,9
F,0.639,0.517,0.164,1.321,0.708,0.292,0.315,9
M,0.617,0.474,0.202,1.292,0.612,0.201,0.362,9
I,0.516,0.38,0.115,0.662,0.3,0.149,0.181,9
I,0.52,0.423,0.154,0.693,0.314,0.174,0.192,10
M,0.549,0.419,0.153,0.813,0.338,0.207,0.208,9
F,0.568,0.461,0.159,1.236,0.547,0.284,0.309,8
F,0.45,0.327,0.112,0.397,0.162,0.087,0.107,9
F,0.533,0.404,0.13,0.68,0.308,0.128,0.212,10
I,0.451,0.351,0.111,0.429,0.168,0.105,0.154,8
M,0.668,0.507,0.189,1.542,0.806,0.377,0.387,11
M,0.702,0.54,0.222,1.512,0.553,0.394,0.426,13
F,0.471,0.363,0.132,0.585,0.24,0.157,0.155,15
I,0.314,0.234,0.093,0.127,0.047,0.031,0.042,6
I,0.507,0.355,0.111,0.59,0.315,0.107,0.141,7
M,0.644,0.52,0.192,1.247,0.541,0.232,0.377,10
M,0.681,0.522,0.189,1.689,0.777,0.306,0.49,10
I,0.502,0.381,0.088,0.64,0.305,0.127,0.184,8
F,0.649,0.478,0.161,1.195,0.473,0.304,0.316,9
F,0.743,0.481,0.148,1.296,0.66,0.28,0.276,10
F,0.663,0.502,0.149,1.094,0.464,0.207,0.354,11
I,0.475,0.38,0.121,0.529,0.226,0.138,0.17,8
F,0.676,0.571,0.175,1.576,0.758,0.344,0.438,11
F,0.587,0.423,0.151,0.835,0.461,0.175,0.18,9
I,0.445,0.388,0.112,0.558,0.258,0.102,0.146,7
I,0.479,0.38,0.161,0.785,0.378,0.165,0.184,15
M,0.596,0.353,0.162,1.093,0.493,0.247,0.27,9
I,0.519,0.375,0.144,0.532,0.23,0.129,0.175,9
F,0.592,0.494,0.202,1.358,0.522,0.216,0.515,19
M,0.323,0.251,0.089,0.201,0.087,0.04,0.062,10
I,0.395,0.295,0.084,0.264,0.099,0.057,0.088,7
F,0.699,0.545,0.159,1.415,0.616,0.335,0.422,9
F,0.448,0.348,0.116,0.578,0.331,0.116,0.132,8
M,0.57,0.455,0.179,0.894,0.344,0.232,0.26,15
M,0.497,0.409,0.121,0.555,0.248,0.141,0.151,8
I,0.439,0.341,0.112,0.395,0.176,0.089,0.107,8
M,0.543,0.431,0.117,0.857,0.346,0.177,0.241,12
F,0.576,0.442,0.162,0.921,0.304,0.251,0.274,13
I,0.206,0.16,0.043,0.05,0.023,0.011,0.014,3
M,0.559,0.441,0.134,0.815,0.339,0.227,0.268,10
F,0.615,0.474,0.153,1.202,0.589,0.281,0.309,12
F,0.623,0.479,0.147,1.243,0.525,0.287,0.328,14
I,0.516,0.41,0.134,0.58,0.243,0.113,0.181,9
F,0.752,0.541,0.198,2.067,0.93,0.463,0.542,12
I,0.602,0.464,0.156,0.857,0.44,0.166,0.225,10
M,0.591,0.485,0.207,1.27,0.392,0.259,0.397,14
F,0.562,0.44,0.147,0.862,0.393,0.151,0.242,10
F,0.343,0.27,0.094,0.181,0.087,0.039,0.055,5
I,0.376,0.265,0.116,0.212,0.091,0.045,0.069,9
I,0.556,0.43,0.135,0.653,0.267,0.168,0.216,8
M,0.372,0.282,0.101,0.272,0.118,0.057,0.085,9
M,0.478,0.386,0.141,0.519,0.195,0.134,0.155,14
F,0.505,0.408,0.132,0.524,0.209,0.134,0.166,9
F,0.59,0.502,0.19,1.156,0.533,0.301,0.256,8
I,0.417,0.292,0.091,0.261,0.102,0.066,0.106,6
F,0.492,0.413,0.15,0.64,0.212,0.135,0.243,14
I,0.459,0.345,0.12,0.403,0.175,0.083,0.131,7
M,0.68,0.565,0.228,2.093,0.955,0.441,0.565,11
I,0.34,0.234,0.094,0.158,0.058,0.039,0.063,6
M,0.578,0.456,0.156,1.009,0.48,0.159,0.263,13
M,0.575,0.451,0.14,0.979,0.41,0.199,0.292,8
F,0.461,0.409,0.121,0.566,0.181,0.107,0.209,13
I,0.428,0.334,0.097,0.339,0.159,0.084,0.099,7
F,0.564,0.438,0.145,0.842,0.347,0.168,0.295,9
M,0.582,0.485,0.146,0.904,0.442,0.188,0.272,8
M,0.532,0.389,0.136,0.703,0.319,0.205,0.179,8
M,0.724,0.544,0.223,2.059,0.777,0.316,0.765,15
F,0.526,0.42,0.111,0.604,0.263,0.146,0.171,11
M,0.667,0.519,0.2,1.705,0.711,0.348,0.443,13
I,0.529,0.375,0.153,0.708,0.353,0.127,0.158,8
M,0.46,0.358,0.117,0.623,0.332,0.15,0.136,8
I,0.244,0.181,0.071,0.068,0.026,0.019,0.025,6
I,0.367,0.311,0.098,0.291,0.124,0.053,0.087,7
M,0.374,0.29,0.103,0.23,0.084,0.051,0.093,8
I,0.573,0.445,0.145,0.822,0.296,0.183,0.248,10
I,0.658,0.521,0.152,1.227,0.513,0.293,0.32,15
I,0.313,0.259,0.055,0.164,0.075,0.051,0.046,5
I,0.6,0.429,0.125,0.893,0.425,0.182,0.256,11
M,0.613,0.527,0.186,1.162,0.543,0.232,0.362,10
F,0.596,0.452,0.124,1.091,0.468,0.284,0.265,10
M,0.598,0.451,0.199,1.108,0.508,0.244,0.291,10
I,0.326,0.24,0.077,0.152,0.056,0.035,0.061,9
I,0.555,0.428,0.145,0.827,0.309,0.224,0.241,10
I,0.48,0.384,0.145,0.604,0.241,0.125,0.267,16
F,0.623,0.453,0.153,1.092,0.49,0.213,0.338,10
M,0.67,0.515,0.157,1.572,0.7,0.374,0.389,10
M,0.395,0.271,0.113,0.268,0.099,0.08,0.087,8
I,0.497,0.425,0.137,0.636,0.266,0.164,0.199,9
M,0.689,0.521,0.166,1.493,0.706,0.307,0.359,10
I,0.531,0.383,0.126,0.577,0.227,0.108,0.194,9
I,0.49,0.366,0.15,0.527,0.183,0.099,0.209,13
F,0.639,0.525,0.155,1.07,0.441,0.222,0.334,11
M,0.706,0.569,0.212,1.704,0.811,0.417,0.443,9
I,0.382,0.294,0.093,0.215,0.092,0.042,0.062,5
F,0.657,0.519,0.186,1.327,0.589,0.371,0.368,10
M,0.508,0.392,0.147,0.666,0.277,0.133,0.23,11
I,0.391,0.288,0.094,0.269,0.131,0.05,0.076,6
M,0.626,0.534,0.166,1.006,0.404,0.24,0.363,18
M,0.708,0.564,0.182,1.373,0.678,0.297,0.361,12
F,0.676,0.508,0.188,1.37,0.506,0.233,0.478,12
M,0.713,0.555,0.213,1.738,0.775,0.375,0.494,13
F,0.563,0.412,0.116,0.685,0.284,0.154,0.225,9
F,0.608,0.47,0.156,1.155,0.464,0.285,0.295,11
F,0.654,0.527,0.204,1.536,0.657,0.337,0.407,9
M,0.585,0.499,0.115,0.91,0.409,0.177,0.289,15
F,0.507,0.43,0.153,0.707,0.319,0.143,0.205,10
F,0.634,0.496,0.17,1.178,0.471,0.283,0.336,12
I,0.461,0.338,0.105,0.376,0.151,0.058,0.123,7
I,0.448,0.351,0.103,0.424,0.215,0.101,0.124,7
F,0.656,0.497,0.193,1.496,0.69,0.329,0.37,11
M,0.509,0.401,0.136,0.744,0.347,0.143,0.22,8
F,0.53,0.38,0.136,0.586,0.226,0.134,0.19,13
M,0.283,0.189,0.073,0.102,0.044,0.018,0.037,7
M,0.614,0.456,0.138,1.172,0.459,0.195,0.393,14
M,0.706,0.592,0.209,2.063,0.974,0.443,0.509,11
F,0.544,0.452,0.165,1.079,0.398,0.186,0.415,20
F,0.561,0.482,0.168,1.056,0.417,0.214,0.363,14
I,0.575,0.466,0.135,0.905,0.47,0.154,0.223,10
F,0.613,0.498,0.179,1.046,0.469,0.239,0.315,10
I,0.514,0.376,0.122,0.553,0.242,0.132,0.177,9
F,0.592,0.447,0.142,0.94,0.448,0.185,0.257,9
F,0.525,0.424,0.129,0.665,0.255,0.15,0.19,9
F,0.558,0.435,0.138,0.76,0.293,0.159,0.291,11
F,0.468,0.361,0.119,0.497,0.238,0.109,0.109,6
M,0.598,0.454,0.18,0.949,0.359,0.215,0.295,10
M,0.545,0.435,0.107,0.772,0.343,0.194,0.218,9
I,0.349,0.273,0.076,0.216,0.092,0.042,0.068,6
M,0.462,0.335,0.131,0.358,0.117,0.106,0.121,10
I,0.423,0.359,0.12,0.548,0.266,0.109,0.131,6
F,0.663,0.546,0.192,1.257,0.471,0.245,0.416,10
M,0.622,0.514,0.162,1.409,0.666,0.292,0.385,11
I,0.358,0.265,0.081,0.191,0.094,0.036,0.052,7
M,0.582,0.436,0.17,0.891,0.304,0.193,0.34,14
F,0.548,0.401,0.156,0.923,0.451,0.192,0.231,8
M,0.67,0.502,0.194,1.693,0.634,0.314,0.462,10
M,0.633,0.5,0.185,1.434,0.724,0.353,0.349,11
M,0.654,0.57,0.162,1.242,0.499,0.311,0.496,15
F,0.546,0.418,0.128,0.748,0.362,0.173,0.198,8
F,0.6,0.466,0.144,0.94,0.465,0.184,0.263,9
F,0.392,0.317,0.117,0.349,0.154,0.072,0.112,10
I,0.419,0.344,0.12,0.31,0.129,0.056,0.122,7
I,0.527,0.41,0.126,0.646,0.342,0.149,0.18,8
M,0.603,0.466,0.147,0.837,0.403,0.186,0.209,9
F,0.655,0.486,0.153,1.078,0.419,0.298,0.314,8
M,0.622,0.503,0.171,1.068,0.414,0.24,0.357,12
M,0.577,0.473,0.16,1.125,0.479,0.243,0.353,12
F,0.638,0.455,0.157,1.175,0.541,0.256,0.308,11
M,0.591,0.478,0.178,1.176,0.531,0.285,0.341,10
F,0.494,0.402,0.152,0.811,0.324,0.167,0.286,10
F,0.64,0.531,0.174,1.355,0.548,0.251,0.395,15
I,0.512,0.411,0.116,0.612,0.276,0.144,0.189,9
I,0.396,0.313,0.09,0.281,0.137,0.05,0.074,8
I,0.632,0.49,0.16,1.218,0.642,0.201,0.317,12
I,0.411,0.317,0.119,0.348,0.164,0.066,0.104,8
M,0.495,0.38,0.119,0.682,0.267,0.16,0.189,14
F,0.683,0.532,0.175,1.529,0.689,0.322,0.397,12
M,0.678,0.515,0.196,1.553,0.601,0.394,0.396,14
I,0.432,0.36,0.123,0.461,0.224,0.091,0.116,6
F,0.661,0.556,0.198,1.387,0.598,0.27,0.514,10
F,0.556,0.414,0.178,0.88,0.277,0.164,0.285,14
I,0.476,0.374,0.11,0.508,0.226,0.086,0.139,7
F,0.664,0.475,0.159,1.207,0.535,0.271,0.313,9
F,0.453,0.327,0.101,0.448,0.185,0.103,0.129,9
I,0.501,0.372,0.148,0.664,0.266,0.153,0.175,12
I,0.541,0.393,0.119,0.595,0.234,0.149,0.16,9
I,0.399,0.292,0.095,0.251,0.116,0.057,0.066,6
F,0.556,0.449,0.142,1.163,0.567,0.216,0.281,8
I,0.262,0.191,0.071,0.071,0.025,0.019,0.026,6
I,0.463,0.403,0.131,0.596,0.259,0.186,0.152,7
M,0.413,0.314,0.105,0.294,0.117,0.037,0.118,10
I,0.425,0.333,0.101,0.367,0.185,0.071,0.099,7
I,0.5,0.372,0.121,0.611,0.278,0.119,0.167,8
I,0.377,0.263,0.091,0.226,0.096,0.039,0.074,6
M,0.722,0.529,0.228,2.323,1.257,0.358,0.608,12
I,0.409,0.318,0.12,0.296,0.119,0.076,0.089,7
F,0.406,0.323,0.1,0.362,0.162,0.082,0.125,12
F,0.627,0.489,0.182,1.581,0.673,0.311,0.438,11
M,0.704,0.532,0.22,1.873,0.859,0.419,0.492,10
I,0.299,0.227,0.08,0.127,0.049,0.026,0.044,4
I,0.435,0.345,0.109,0.373,0.159,0.081,0.106,5
M,0.626,0.521,0.193,1.494,0.661,0.34,0.381,10
I,0.471,0.343,0.141,0.548,0.223,0.15,0.154,11
M,0.589,0.434,0.127,0.913,0.421,0.188,0.245,13
F,0.356,0.253,0.087,0.208,0.076,0.06,0.06,8
F,0.662,0.485,0.166,1.242,0.537,0.336,0.369,9
I,0.406,0.305,0.082,0.327,0.15,0.05,0.097,7
I,0.553,0.396,0.13,0.568,0.228,0.125,0.166,9
I,0.301,0.225,0.066,0.114,0.052,0.016,0.035,5
F,0.773,0.553,0.21,2.214,1.088,0.531,0.531,11
I,0.547,0.449,0.163,0.832,0.305,0.207,0.273,15
I,0.582,0.465,0.142,0.907,0.327,0.207,0.328,13
I,0.507,0.364,0.106,0.514,0.284,0.1,0.146,8
F,0.639,0.48,0.171,1.261,0.516,0.246,0.463,18
F,0.566,0.447,0.141,0.822,0.373,0.156,0.268,9
F,0.588,0.485,0.152,1.079,0.385,0.22,0.378,10
I,0.28,0.21,0.065,0.105,0.04,0.021,0.033,5
M,0.323,0.238,0.09,0.148,0.06,0.035,0.044,4
F,0.658,0.557,0.183,1.707,0.812,0.384,0.428,11
M,0.349,0.264,0.099,0.204,0.065,0.049,0.067,9
I,0.342,0.255,0.083,0.195,0.09,0.041,0.056,7
F,0.603,0.496,0.174,1.165,0.461,0.26,0.333,11
F,0.681,0.521,0.193,1.401,0.628,0.341,0.379,9
F,0.601,0.487,0.157,1.187,0.508,0.235,0.332,17
I,0.487,0.379,0.125,0.537,0.222,0.133,0.159,11
M,0.364,0.267,0.078,0.205,0.088,0.05,0.068,6
M,0.586,0.456,0.171,1.103,0.581,0.258,0.269,10
F,0.564,0.47,0.171,1.047,0.388,0.232,0.344,19
F,0.635,0.52,0.179,1.327,0.643,0.292,0.324,10
I,0.353,0.313,0.084,0.272,0.118,0.066,0.071,7
F,0.676,0.517,0.167,1.505,0.713,0.358,0.385,10
F,0.642,0.525,0.155,1.261,0.585,0.32,0.306,9
I,0.37,0.266,0.094,0.224,0.11,0.047,0.073,7
F,0.694,0.524,0.196,1.421,0.58,0.283,0.388,12
I,0.507,0.364,0.128,0.621,0.281,0.126,0.157,7
I,0.522,0.391,0.148,0.553,0.243,0.136,0.185,9
F,0.525,0.402,0.165,0.717,0.259,0.141,0.225,19
M,0.483,0.429,0.153,0.707,0.247,0.158,0.255,13
I,0.378,0.24,0.11,0.483,0.217,0.103,0.134,7
F,0.52,0.392,0.129,0.558,0.237,0.154,0.145,7
I,0.551,0.385,0.131,0.643,0.262,0.154,0.201,9
M,0.581,0.464,0.132,0.896,0.347,0.201,0.241,9
F,0.654,0.538,0.178,1.384,0.593,0.317,0.414,10
F,0.627,0.454,0.162,1.22,0.349,0.208,0.397,14
M,0.666,0.564,0.194,1.77,0.844,0.396,0.494,11
M,0.598,0.48,0.177,1.109,0.499,0.276,0.313,10
I,0.488,0.353,0.106,0.532,0.188,0.124,0.185,8
I,0.317,0.244,0.083,0.134,0.059,0.027,0.037,6
M,0.448,0.363,0.108,0.399,0.217,0.079,0.129,13
F,0.538,0.458,0.154,0.988,0.461,0.207,0.282,9
F,0.659,0.523,0.179,1.189,0.515,0.247,0.409,15
M,0.64,0.454,0.168,1.237,0.471,0.29,0.241,11
F,0.647,0.503,0.178,1.82,0.57,0.287,0.757,22
I,0.35,0.269,0.09,0.184,0.074,0.023,0.067,11
F,0.703,0.492,0.174,1.495,0.665,0.347,0.357,11
M,0.551,0.433,0.138,0.755,0.333,0.189,0.247,10
F,0.648,0.561,0.198,1.791,0.829,0.358,0.509,12
I,0.334,0.264,0.092,0.218,0.098,0.044,0.068,8
M,0.586,0.456,0.156,1.192,0.505,0.325,0.278,8
F,0.603,0.489,0.157,1.258,0.404,0.277,0.378,9
I,0.344,0.241,0.105,0.418,0.18,0.063,0.129,7
F,0.637,0.527,0.176,1.298,0.586,0.263,0.38,11
M,0.671,0.5,0.15,1.222,0.632,0.296,0.316,10
M,0.565,0.421,0.134,1.0,0.425,0.215,0.262,10
F,0.396,0.336,0.135,0.375,0.151,0.091,0.118,10
F,0.578,0.478,0.132,1.007,0.466,0.196,0.264,11
F,0.618,0.515,0.183,1.317,0.678,0.261,0.353,10
F,0.578,0.476,0.161,0.933,0.452,0.249,0.265,9
F,0.695,0.505,0.157,1.221,0.459,0.315,0.367,11
F,0.356,0.3,0.099,0.279,0.114,0.054,0.084,7
I,0.467,0.362,0.113,0.531,0.24,0.123,0.124,8
M,0.528,0.431,0.177,0.734,0.25,0.172,0.264,8
F,0.499,0.429,0.164,0.625,0.267,0.106,0.221,11
I,0.388,0.302,0.094,0.34,0.152,0.068,0.077,6
M,0.515,0.419,0.122,0.902,0.491,0.189,0.211,9
M,0.433,0.317,0.116,0.289,0.098,0.059,0.108,15
M,0.579,0.428,0.155,0.768,0.32,0.145,0.255,12
I,0.458,0.35,0.113,0.465,0.203,0.089,0.135,8
M,0.554,0.394,0.146,0.806,0.354,0.192,0.232,11
F,0.558,0.448,0.165,1.485,0.649,0.327,0.413,10
F,0.736,0.551,0.174,1.633,0.714,0.377,0.459,11
M,0.533,0.403,0.106,0.587,0.262,0.164,0.147,8
M,0.485,0.392,0.119,0.525,0.253,0.12,0.128,6
M,0.584,0.506,0.159,1.131,0.452,0.254,0.302,9
I,0.319,0.246,0.071,0.127,0.057,0.024,0.039,6
I,0.273,0.198,0.083,0.098,0.038,0.018,0.03,6
M,0.509,0.415,0.154,0.926,0.34,0.179,0.26,13
F,0.591,0.488,0.159,0.935,0.419,0.227,0.299,10
F,0.608,0.471,0.153,0.892,0.387,0.21,0.294,9
M,0.43,0.319,0.101,0.496,0.26,0.085,0.126,8
M,0.514,0.386,0.12,0.628,0.299,0.153,0.165,7
M,0.687,0.592,0.209,2.253,1.06,0.51,0.553,11
I,0.351,0.261,0.072,0.166,0.088,0.036,0.041,6
M,0.559,0.468,0.159,0.974,0.468,0.21,0.288,11
I,0.282,0.125,0.072,0.112,0.048,0.03,0.034,4
I,0.489,0.367,0.12,0.462,0.213,0.104,0.148,6
F,0.615,0.518,0.151,1.275,0.64,0.272,0.344,8
I,0.135,0.1,0.03,0.013,0.004,0.003,0.004,3
I,0.61,0.509,0.166,1.204,0.547,0.209,0.313,11
F,0.671,0.49,0.233,1.652,0.594,0.416,0.402,15
M,0.551,0.454,0.146,1.009,0.531,0.213,0.253,9
I,0.576,0.422,0.138,0.631,0.246,0.177,0.204,10
F,0.719,0.62,0.196,2.337,0.856,0.439,0.695,12
F,0.747,0.569,0.208,2.148,0.618,0.394,1.047,17
F,0.339,0.245,0.1,0.207,0.068,0.05,0.062,9
F,0.614,0.513,0.178,1.169,0.558,0.228,0.332,10
F,0.571,0.446,0.148,1.012,0.513,0.211,0.293,12
M,0.469,0.363,0.133,0.633,0.294,0.146,0.184,12
F,0.53,0.399,0.17,0.716,0.257,0.152,0.212,12
F,0.712,0.544,0.199,1.663,0.73,0.375,0.417,10
I,0.456,0.375,0.124,0.435,0.202,0.128,0.145,9
M,0.373,0.292,0.098,0.213,0.084,0.05,0.074,7
I,0.445,0.325,0.086,0.335,0.148,0.068,0.102,7
M,0.386,0.318,0.092,0.334,0.136,0.055,0.096,5
M,0.584,0.5,0.135,1.054,0.416,0.263,0.27,8
I,0.447,0.328,0.11,0.368,0.192,0.077,0.086,6
M,0.615,0.489,0.17,1.275,0.62,0.258,0.322,11
F,0.496,0.36,0.156,0.572,0.258,0.136,0.176,11
F,0.554,0.441,0.172,1.062,0.483,0.223,0.281,8
M,0.622,0.473,0.163,1.05,0.398,0.222,0.355,12
I,0.571,0.481,0.186,1.059,0.387,0.194,0.362,17
I,0.581,0.437,0.173,0.954,0.356,0.21,0.31,12
F,0.375,0.335,0.115,0.643,0.336,0.131,0.169,7
I,0.435,0.325,0.104,0.396,0.191,0.097,0.096,6
M,0.522,0.399,0.149,0.838,0.316,0.191,0.299,18
I,0.489,0.346,0.119,0.503,0.255,0.114,0.146,7
F,0.592,0.431,0.151,0.992,0.427,0.222,0.335,11
I,0.183,0.128,0.045,0.029,0.013,0.01,0.009,3
F,0.647,0.517,0.182,1.373,0.609,0.365,0.378,10
I,0.48,0.337,0.136,0.454,0.239,0.11,0.111,9
F,0.629,0.542,0.18,1.53,0.507,0.3,0.402,19
F,0.48,0.389,0.116,0.598,0.179,0.155,0.189,11
F,0.529,0.434,0.136,0.88,0.351,0.193,0.277,14
I,0.445,0.343,0.099,0.354,0.139,0.07,0.118,8
I,0.206,0.144,0.064,0.039,0.02,0.011,0.013,4
I,0.466,0.366,0.121,0.466,0.182,0.089,0.151,12
F,0.357,0.291,0.079,0.288,0.147,0.072,0.082,7
I,0.307,0.223,0.081,0.133,0.044,0.025,0.039,8
F,0.551,0.436,0.156,0.862,0.393,0.198,0.229,8
F,0.577,0.445,0.154,0.839,0.405,0.151,0.248,8
M,0.742,0.579,0.173,1.533,0.695,0.357,0.432,11
F,0.648,0.526,0.177,1.536,0.749,0.42,0.368,11
M,0.62,0.458,0.16,0.99,0.514,0.2,0.232,9
I,0.427,0.33,0.095,0.283,0.139,0.064,0.076,5
F,0.595,0.438,0.121,0.841,0.361,0.173,0.265,12
F,0.585,0.436,0.146,1.135,0.483,0.226,0.322,10
M,0.437,0.351,0.126,0.404,0.151,0.077,0.146,9
M,0.519,0.443,0.155,0.806,0.428,0.146,0.237,7
M,0.628,0.463,0.164,1.124,0.512,0.23,0.297,10
M,0.649,0.484,0.183,1.219,0.527,0.31,0.373,11
M,0.629,0.482,0.166,1.266,0.695,0.263,0.339,9
I,0.435,0.349,0.105,0.425,0.22,0.112,0.113,7
I,0.435,0.338,0.1,0.396,0.179,0.105,0.088,7
F,0.668,0.504,0.139,1.113,0.562,0.31,0.286,12
M,0.559,0.472,0.141,0.842,0.367,0.167,0.245,9
M,0.576,0.43,0.187,1.081,0.348,0.215,0.325,19
F,0.73,0.559,0.183,1.643,0.809,0.406,0.393,10
M,0.593,0.443,0.147,1.186,0.608,0.224,0.286,14
M,0.603,0.47,0.186,1.186,0.471,0.281,0.356,18
I,0.532,0.436,0.174,0.833,0.374,0.183,0.239,9
M,0.522,0.4,0.124,0.778,0.29,0.175,0.274,15
M,0.412,0.343,0.11,0.374,0.133,0.066,0.167,9
I,0.404,0.285,0.101,0.26,0.1,0.063,0.089,6
F,0.719,0.591,0.189,1.857,0.68,0.331,0.498,28
M,0.614,0.517,0.155,1.166,0.593,0.228,0.336,9
F,0.492,0.377,0.126,0.537,0.221,0.142,0.153,9
F,0.689,0.556,0.169,1.389,0.65,0.32,0.387,10
I,0.276,0.22,0.063,0.098,0.045,0.022,0.03,5
I,0.381,0.3,0.104,0.254,0.114,0.061,0.081,7
M,0.553,0.438,0.137,0.881,0.373,0.211,0.271,10
I,0.401,0.272,0.126,0.245,0.107,0.039,0.084,6
I,0.52,0.432,0.136,0.668,0.306,0.134,0.171,8
I,0.464,0.368,0.111,0.467,0.179,0.094,0.141,9
M,0.584,0.436,0.172,1.261,0.526,0.276,0.342,10
F,0.387,0.281,0.13,0.583,0.276,0.137,0.172,7
M,0.357,0.279,0.108,0.221,0.08,0.06,0.078,8
I,0.231,0.178,0.061,0.063,0.029,0.001,0.02,4
I,0.534,0.387,0.139,0.661,0.296,0.128,0.169,9
M,0.679,0.517,0.208,1.7,0.479,0.298,0.607,18
I,0.408,0.296,0.104,0.277,0.113,0.054,0.084,8
F,0.583,0.452,0.124,0.892,0.373,0.172,0.267,10
I,0.706,0.573,0.221,2.096,0.768,0.443,0.649,10
F,0.629,0.489,0.182,1.071,0.483,0.243,0.337,11
I,0.56,0.455,0.133,0.748,0.319,0.135,0.237,9
I,0.46,0.367,0.117,0.402,0.167,0.092,0.117,8
F,0.687,0.533,0.199,1.462,0.655,0.392,0.401,12
M,0.594,0.46,0.183,1.136,0.548,0.249,0.292,13
M,0.568,0.455,0.158,0.876,0.412,0.227,0.229,8
F,0.417,0.341,0.092,0.336,0.116,0.058,0.127,10
I,0.334,0.272,0.08,0.204,0.081,0.058,0.057,6
I,0.555,0.405,0.152,0.56,0.355,0.13,0.216,8
I,0.546,0.414,0.152,0.74,0.308,0.199,0.181,10
I,0.472,0.35,0.107,0.425,0.21,0.083,0.136,7
F,0.768,0.573,0.236,2.103,0.862,0.502,0.571,14
M,0.584,0.473,0.156,1.264,0.564,0.275,0.332,9
M,0.541,0.441,0.137,0.897,0.379,0.226,0.225,8
M,0.303,0.25,0.099,0.154,0.051,0.035,0.048,7
F,0.728,0.621,0.204,1.783,0.697,0.362,0.594,11
I,0.547,0.448,0.147,0.896,0.473,0.178,0.228,9
F,0.469,0.374,0.123,0.63,0.261,0.139,0.179,8
I,0.339,0.245,0.067,0.218,0.109,0.045,0.058,7
M,0.554,0.4,0.143,0.753,0.358,0.159,0.202,7
M,0.446,0.353,0.13,0.475,0.188,0.092,0.163,10
M,0.647,0.476,0.185,1.331,0.602,0.319,0.384,10
F,0.536,0.445,0.198,0.716,0.285,0.128,0.267,9
M,0.323,0.232,0.082,0.164,0.067,0.048,0.048,7
M,0.515,0.398,0.16,0.814,0.258,0.152,0.306,23
F,0.46,0.337,0.119,0.447,0.201,0.107,0.134,7
F,0.425,0.34,0.109,0.386,0.142,0.097,0.119,13
M,0.571,0.429,0.15,0.824,0.375,0.183,0.226,8
M,0.533,0.434,0.148,0.671,0.284,0.155,0.214,10
M,0.563,0.454,0.159,0.989,0.433,0.214,0.269,7
M,0.59,0.49,0.154,1.025,0.446,0.247,0.31,11
I,0.388,0.279,0.086,0.226,0.095,0.056,0.063,7
I,0.504,0.39,0.123,0.558,0.283,0.1,0.17,8
M,0.59,0.445,0.175,0.928,0.382,0.231,0.296,9
F,0.575,0.452,0.162,1.038,0.355,0.262,0.304,12
F,0.511,0.407,0.116,0.585,0.229,0.166,0.184,11
M,0.595,0.475,0.149,1.054,0.443,0.226,0.257,10
M,0.602,0.47,0.169,0.893,0.412,0.256,0.221,9
I,0.379,0.286,0.091,0.241,0.092,0.062,0.074,7
I,0.503,0.354,0.131,0.455,0.181,0.068,0.177,18
I,0.404,0.28,0.091,0.273,0.122,0.056,0.08,7
F,0.615,0.479,0.149,1.098,0.519,0.25,0.341,10
M,0.533,0.394,0.139,1.038,0.272,0.216,0.365,19
F,0.518,0.423,0.132,0.719,0.208,0.171,0.255,13
M,0.61,0.492,0.184,1.318,0.719,0.295,0.353,11
I,0.376,0.266,0.076,0.229,0.11,0.045,0.057,6
M,0.476,0.381,0.134,0.617,0.279,0.123,0.164,8
M,0.573,0.485,0.15,0.838,0.351,0.17,0.267,14
M,0.489,0.371,0.136,0.569,0.206,0.168,0.188,13
F,0.663,0.536,0.186,1.435,0.502,0.306,0.581,18
M,0.565,0.421,0.145,0.742,0.331,0.149,0.25,11
M,0.659,0.502,0.159,1.353,0.685,0.297,0.295,11
I,0.425,0.299,0.087,0.319,0.176,0.062,0.082,6
I,0.494,0.385,0.128,0.667,0.296,0.126,0.181,9
M,0.592,0.43,0.14,1.069,0.572,0.212,0.261,9
F,0.62,0.527,0.188,1.252,0.51,0.343,0.314,11
M,0.531,0.406,0.144,0.901,0.471,0.177,0.187,9
M,0.421,0.346,0.098,0.425,0.178,0.093,0.139,9
M,0.397,0.301,0.105,0.345,0.149,0.067,0.1,7
I,0.369,0.267,0.09,0.225,0.094,0.055,0.071,11
F,0.583,0.458,0.134,1.031,0.487,0.246,0.229,8
I,0.284,0.192,0.071,0.099,0.039,0.021,0.029,6
F,0.425,0.326,0.105,0.352,0.152,0.08,0.123,8
M,0.72,0.583,0.184,2.027,0.989,0.46,0.538,13
F,0.349,0.248,0.086,0.211,0.081,0.046,0.078,10
I,0.543,0.372,0.121,0.603,0.259,0.158,0.142,10
I,0.248,0.195,0.071,0.093,0.037,0.02,0.031,6
M,0.461,0.368,0.108,0.547,0.278,0.145,0.131,7
M,0.632,0.533,0.182,1.235,0.554,0.235,0.385,10
M,0.475,0.369,0.15,0.748,0.225,0.134,0.166,9
F,0.619,0.492,0.166,1.284,0.491,0.22,0.419,19
F,0.665,0.47,0.189,1.407,0.693,0.351,0.327,11
F,0.588,0.506,0.145,0.754,0.366,0.159,0.228,9
I,0.265,0.184,0.093,0.242,0.101,0.056,0.071,5
F,0.502,0.405,0.14,0.806,0.281,0.189,0.263,17
F,0.673,0.535,0.208,1.489,0.642,0.35,0.465,16
M,0.602,0.479,0.154,1.166,0.586,0.242,0.279,9
M,0.346,0.244,0.082,0.168,0.058,0.041,0.052,10
I,0.511,0.415,0.149,0.636,0.252,0.164,0.173,9
F,0.48,0.402,0.159,0.67,0.24,0.133,0.208,17
I,0.496,0.355,0.117,0.494,0.209,0.127,0.16,12
M,0.529,0.407,0.153,0.843,0.396,0.174,0.218,10
I,0.396,0.269,0.082,0.216,0.091,0.042,0.07,8
I,0.41,0.305,0.099,0.259,0.095,0.068,0.089,7
I,0.401,0.309,0.088,0.291,0.131,0.073,0.095,8
I,0.598,0.401,0.137,0.734,0.33,0.106,0.227,9
I,0.531,0.451,0.174,0.817,0.3,0.186,0.296,15
F,0.657,0.506,0.157,1.134,0.454,0.338,0.308,9
F,0.61,0.439,0.139,1.051,0.54,0.248,0.253,8
F,0.572,0.427,0.175,0.812,0.36,0.185,0.29,13
M,0.465,0.365,0.155,0.56,0.173,0.127,0.225,12
I,0.404,0.296,0.098,0.294,0.114,0.076,0.088,8
I,0.332,0.233,0.078,0.145,0.064,0.032,0.046,6
M,0.668,0.49,0.195,1.464,0.645,0.363,0.368,10
I,0.485,0.395,0.129,0.613,0.296,0.132,0.167,8
I,0.539,0.443,0.15,0.884,0.414,0.174,0.239,10
F,0.619,0.464,0.168,0.864,0.355,0.198,0.259,11
I,0.552,0.426,0.131,0.712,0.362,0.156,0.195,8
F,0.568,0.456,0.097,0.951,0.424,0.211,0.246,12
I,0.3,0.206,0.072,0.122,0.056,0.028,0.037,7
F,0.539,0.425,0.138,0.851,0.347,0.166,0.262,10
M,0.513,0.377,0.122,0.597,0.258,0.131,0.148,9
M,0.626,0.483,0.152,1.323,0.498,0.313,0.295,14
M,0.235,0.172,0.064,0.067,0.023,0.014,0.02,4
I,0.351,0.276,0.11,0.226,0.095,0.05,0.081,10
M,0.576,0.438,0.175,0.866,0.348,0.195,0.254,11
I,0.503,0.38,0.122,0.557,0.214,0.12,0.172,9
F,0.408,0.296,0.119,0.302,0.131,0.058,0.094,13
F,0.61,0.437,0.172,1.036,0.39,0.333,0.314,14
F,0.494,0.37,0.126,0.429,0.171,0.08,0.135,9
I,0.362,0.289,0.1,0.247,0.094,0.066,0.075,7
I,0.329,0.257,0.074,0.139,0.056,0.034,0.048,5
M,0.566,0.438,0.157,0.975,0.411,0.278,0.242,11
M,0.677,0.505,0.162,1.51,0.585,0.311,0.365,18
F,0.614,0.483,0.158,1.022,0.362,0.19,0.351,16
I,0.538,0.44,0.149,0.771,0.37,0.183,0.236,11
F,0.633,0.51,0.179,1.278,0.639,0.269,0.343,10
M,0.479,0.37,0.121,0.617,0.344,0.141,0.139,8
M,0.494,0.381,0.148,0.839,0.34,0.186,0.258,14
I,0.644,0.529,0.188,1.634,0.592,0.336,0.539,18
I,0.48,0.357,0.112,0.503,0.226,0.122,0.129,9
F,0.555,0.416,0.158,0.833,0.237,0.173,0.238,19
I,0.376,0.264,0.097,0.3,0.143,0.064,0.085,5
F,0.48,0.403,0.126,0.549,0.223,0.123,0.166,11
M,0.574,0.463,0.123,0.871,0.374,0.174,0.228,15
F,0.534,0.385,0.113,0.608,0.302,0.129,0.146,6
I,0.442,0.337,0.109,0.4,0.157,0.07,0.131,12
I,0.346,0.261,0.082,0.197,0.075,0.053,0.053,6
F,0.647,0.461,0.232,1.097,0.396,0.245,0.357,14
F,0.475,0.365,0.126,0.59,0.255,0.124,0.143,7
M,0.645,0.466,0.118,0.848,0.463,0.187,0.226,10
F,0.584,0.438,0.175,1.213,0.511,0.255,0.303,10
M,0.607,0.443,0.155,1.069,0.423,0.199,0.333,10
M,0.64,0.591,0.192,1.679,0.759,0.326,0.453,12
M,0.582,0.492,0.158,1.069,0.459,0.237,0.309,9
I,0.351,0.259,0.089,0.203,0.109,0.036,0.049,5
F,0.656,0.507,0.165,1.623,0.814,0.35,0.382,9
M,0.644,0.508,0.18,1.267,0.596,0.315,0.362,9
I,0.595,0.466,0.147,0.884,0.444,0.193,0.242,11
I,0.545,0.411,0.177,0.76,0.3,0.159,0.211,20
F,0.743,0.545,0.18,1.54,0.627,0.341,0.442,10
F,0.547,0.419,0.159,0.839,0.362,0.216,0.254,9
M,0.552,0.424,0.123,0.68,0.347,0.166,0.135,9
I,0.303,0.232,0.067,0.149,0.057,0.032,0.049,7
F,0.598,0.463,0.15,1.118,0.477,0.218,0.345,10
F,0.542,0.394,0.154,1.24,0.627,0.271,0.299,10
I,0.389,0.316,0.097,0.362,0.2,0.051,0.083,6
I,0.145,0.102,0.026,0.015,0.005,0.004,0.005,2
F,0.625,0.483,0.184,1.084,0.454,0.259,0.331,9
I,0.308,0.241,0.074,0.127,0.05,0.029,0.034,6
F,0.516,0.385,0.173,0.583,0.241,0.128,0.182,11
M,0.578,0.467,0.163,1.098,0.509,0.247,0.283,9
F,0.575,0.469,0.153,1.151,0.569,0.197,0.301,9
F,0.511,0.393,0.135,0.589,0.239,0.118,0.199,12
M,0.51,0.397,0.125,0.717,0.281,0.161,0.186,11
I,0.544,0.383,0.137,0.72,0.244,0.144,0.263,18
I,0.388,0.263,0.088,0.227,0.105,0.048,0.063,7
I,0.313,0.234,0.071,0.133,0.057,0.032,0.041,8
F,0.606,0.468,0.152,1.23,0.613,0.241,0.315,13
F,0.493,0.388,0.129,0.646,0.24,0.161,0.204,15
I,0.406,0.304,0.093,0.31,0.141,0.051,0.093,7
F,0.507,0.382,0.102,0.577,0.221,0.111,0.194,9
F,0.568,0.402,0.182,0.772,0.245,0.182,0.286,10
F,0.585,0.434,0.164,0.966,0.441,0.26,0.291,11
F,0.613,0.463,0.147,0.944,0.452,0.199,0.255,11
F,0.594,0.458,0.118,0.996,0.427,0.17,0.266,12
I,0.467,0.355,0.095,0.454,0.249,0.075,0.127,8
M,0.629,0.466,0.154,1.196,0.484,0.259,0.283,15
I,0.518,0.37,0.129,0.514,0.225,0.106,0.165,9
I,0.646,0.495,0.186,1.303,0.617,0.284,0.327,11
M,0.577,0.471,0.164,1.12,0.505,0.233,0.327,9
F,0.632,0.498,0.158,1.203,0.49,0.265,0.336,11
F,0.691,0.533,0.173,1.273,0.618,0.236,0.316,9
F,0.557,0.445,0.136,0.74,0.361,0.181,0.192,9
M,0.579,0.452,0.148,0.888,0.4,0.165,0.26,8
M,0.594,0.512,0.17,1.236,0.624,0.296,0.32,11
F,0.553,0.438,0.203,0.827,0.402,0.171,0.231,9
F,0.56,0.446,0.157,0.907,0.449,0.168,0.22,8
M,0.429,0.308,0.12,0.399,0.068,0.088,0.12,12
M,0.536,0.444,0.154,0.865,0.303,0.157,0.351,15
M,0.589,0.441,0.159,1.004,0.373,0.186,0.337,13
I,0.28,0.212,0.081,0.107,0.04,0.029,0.029,4
M,0.565,0.474,0.198,1.194,0.384,0.248,0.367,17
I,0.472,0.321,0.1,0.356,0.369,0.08,0.109,8
I,0.326,0.26,0.078,0.198,0.077,0.037,0.066,7
I,0.523,0.372,0.123,0.569,0.29,0.101,0.136,8
I,0.565,0.41,0.131,0.747,0.296,0.165,0.224,10
I,0.253,0.188,0.056,0.071,0.029,0.017,0.02,4
I,0.343,0.254,0.077,0.191,0.069,0.043,0.055,7
I,0.391,0.296,0.099,0.226,0.09,0.037,0.078,6
I,0.533,0.38,0.122,0.517,0.233,0.112,0.171,8
F,0.447,0.362,0.115,0.475,0.207,0.113,0.112,6
M,0.635,0.458,0.173,1.067,0.443,0.321,0.288,9
I,0.507,0.379,0.139,0.611,0.285,0.126,0.195,9
M,0.557,0.461,0.153,0.879,0.393,0.223,0.232,8
M,0.6,0.485,0.144,1.228,0.553,0.234,0.272,13
M,0.63,0.443,0.167,0.992,0.5,0.205,0.267,10
F,0.59,0.49,0.188,1.381,0.496,0.391,0.339,9
M,0.331,0.254,0.096,0.181,0.076,0.044,0.059,7
M,0.42,0.31,0.121,0.354,0.113,0.058,0.132,18
M,0.636,0.488,0.144,1.157,0.447,0.228,0.384,15
F,0.639,0.524,0.176,1.215,0.463,0.278,0.371,13
F,0.591,0.524,0.162,1.105,0.475,0.255,0.35,11
F,0.466,0.353,0.138,0.523,0.169,0.122,0.176,13
I,0.334,0.254,0.088,0.172,0.073,0.039,0.058,9
M,0.676,0.53,0.158,1.456,0.699,0.305,0.406,11
I,0.387,0.326,0.087,0.267,0.116,0.06,0.074,6
M,0.605,0.471,0.158,0.984,0.434,0.224,0.294,9
M,0.532,0.417,0.181,1.043,0.375,0.237,0.334,18
M,0.65,0.484,0.15,1.191,0.551,0.315,0.295,11
M,0.523,0.384,0.139,0.716,0.388,0.156,0.185,7
M,0.619,0.483,0.154,1.166,0.625,0.228,0.239,9
M,0.57,0.487,0.155,0.985,0.396,0.186,0.26,20
M,0.559,0.429,0.127,0.865,0.438,0.215,0.22,9
I,0.522,0.387,0.124,0.664,0.318,0.137,0.166,8
F,0.528,0.389,0.149,0.794,0.362,0.17,0.209,14
F,0.602,0.401,0.161,0.704,0.292,0.139,0.196,12
M,0.619,0.472,0.179,1.128,0.477,0.195,0.372,10
M,0.607,0.457,0.176,1.167,0.466,0.353,0.313,11
M,0.627,0.48,0.162,0.98,0.432,0.18,0.296,11
I,0.228,0.187,0.055,0.053,0.023,0.013,0.019,4
F,0.514,0.39,0.128,0.55,0.188,0.133,0.178,9
M,0.584,0.43,0.14,0.816,0.413,0.155,0.232,9
F,0.559,0.467,0.15,0.849,0.355,0.206,0.237,10
F,0.525,0.394,0.155,0.647,0.247,0.2,0.164,9
I,0.252,0.208,0.072,0.104,0.04,0.04,0.035,5
I,0.422,0.314,0.091,0.389,0.218,0.073,0.086,6
F,0.744,0.563,0.178,1.588,0.719,0.326,0.495,12
M,0.358,0.258,0.079,0.192,0.081,0.039,0.061,9
M,0.61,0.503,0.167,1.398,0.544,0.298,0.39,10
M,0.632,0.503,0.201,1.675,0.615,0.355,0.461,17
F,0.592,0.47,0.141,1.418,0.591,0.191,0.304,9
I,0.543,0.385,0.137,0.714,0.244,0.163,0.253,10
M,0.731,0.518,0.182,1.718,0.715,0.451,0.336,14
F,0.544,0.44,0.16,0.747,0.314,0.163,0.246,15
M,0.606,0.503,0.162,1.202,0.51,0.243,0.394,11
M,0.461,0.358,0.098,0.464,0.183,0.091,0.176,8
M,0.299,0.222,0.077,0.125,0.044,0.033,0.045,9
M,0.432,0.372,0.113,0.458,0.203,0.105,0.156,8
I,0.473,0.351,0.134,0.461,0.165,0.083,0.161,9
F,0.599,0.484,0.144,1.182,0.518,0.257,0.309,9
F,0.587,0.482,0.163,1.125,0.376,0.254,0.334,17
F,0.697,0.539,0.22,1.926,0.829,0.405,0.461,11
M,0.495,0.379,0.142,0.596,0.269,0.164,0.151,7
F,0.588,0.481,0.166,1.019,0.454,0.207,0.309,19
I,0.397,0.297,0.096,0.269,0.119,0.058,0.098,6
I,0.249,0.181,0.062,0.082,0.036,0.018,0.021,4
M,0.595,0.47,0.186,1.275,0.591,0.318,0.308,12
I,0.451,0.354,0.11,0.4,0.186,0.084,0.112,8
I,0.325,0.235,0.075,0.149,0.059,0.033,0.043,5
M,0.531,0.427,0.146,0.852,0.287,0.196,0.257,10
M,0.577,0.449,0.151,0.968,0.391,0.155,0.348,17
I,0.552,0.472,0.143,0.933,0.538,0.164,0.245,9
F,0.512,0.406,0.135,0.689,0.278,0.138,0.205,11
I,0.417,0.312,0.098,0.122,0.107,0.069,0.085,7
M,0.35,0.258,0.102,0.218,0.091,0.047,0.069,6
I,0.411,0.298,0.103,0.27,0.104,0.056,0.082,7
I,0.374,0.255,0.089,0.196,0.098,0.035,0.058,7
F,0.691,0.567,0.196,1.994,0.751,0.434,0.508,13
I,0.448,0.352,0.123,0.406,0.12,0.064,0.158,19
F,0.665,0.473,0.172,1.132,0.534,0.251,0.296,10
I,0.366,0.314,0.093,0.297,0.151,0.062,0.07,7
F,0.595,0.473,0.153,1.028,0.504,0.211,0.301,9
M,0.606,0.524,0.167,1.264,0.638,0.217,0.38,12
I,0.242,0.194,0.065,0.068,0.026,0.018,0.023,5
F,0.505,0.378,0.163,0.561,0.239,0.121,0.188,9
M,0.661,0.566,0.182,1.535,0.656,0.292,0.513,12
I,0.255,0.184,0.067,0.078,0.029,0.016,0.032,5
I,0.142,0.105,0.034,0.014,0.005,0.004,0.005,4
M,0.609,0.456,0.139,0.978,0.386,0.216,0.372,14
F,0.577,0.41,0.141,0.943,0.51,0.2,0.223,7
F,0.521,0.407,0.135,0.697,0.317,0.135,0.177,9
I,0.442,0.322,0.11,0.367,0.171,0.099,0.109,8
M,0.481,0.377,0.138,0.567,0.216,0.096,0.213,15
M,0.704,0.571,0.206,1.478,0.886,0.406,0.518,9
F,0.459,0.358,0.125,0.491,0.19,0.118,0.143,10
M,0.593,0.437,0.149,0.847,0.344,0.218,0.258,9
M,0.397,0.291,0.114,0.339,0.171,0.082,0.106,6
I,0.381,0.259,0.081,0.261,0.125,0.037,0.07,6
F,0.635,0.48,0.158,1.211,0.485,0.242,0.314,10
M,0.573,0.446,0.125,0.812,0.352,0.178,0.215,9
I,0.567,0.404,0.133,0.843,0.353,0.135,0.249,11
I,0.372,0.288,0.143,0.218,0.094,0.044,0.064,6
F,0.486,0.39,0.131,0.592,0.22,0.132,0.234,15
I,0.482,0.39,0.111,0.482,0.193,0.087,0.143,8
I,0.356,0.27,0.088,0.259,0.122,0.063,0.064,6
I,0.494,0.419,0.135,0.605,0.314,0.118,0.151,8
F,0.613,0.465,0.156,1.093,0.597,0.223,0.259,11
M,0.38,0.307,0.078,0.268,0.095,0.042,0.097,7
F,0.548,0.482,0.201,0.969,0.401,0.253,0.459,8
F,0.6,0.506,0.182,1.365,0.712,0.267,0.442,11
M,0.639,0.538,0.18,1.247,0.481,0.271,0.398,14
I,0.332,0.239,0.075,0.164,0.074,0.03,0.044,6
F,0.638,0.481,0.165,1.296,0.661,0.228,0.334,9
F,0.539,0.411,0.124,0.92,0.256,0.141,0.34,16
F,0.625,0.496,0.16,1.073,0.499,0.234,0.334,9
I,0.56,0.402,0.13,0.688,0.338,0.151,0.176,9
M,0.613,0.517,0.193,1.243,0.527,0.281,0.388,18
M,0.438,0.313,0.083,0.411,0.143,0.106,0.133,8
F,0.627,0.473,0.162,1.247,0.57,0.272,0.343,8
F,0.624,0.453,0.178,1.25,0.57,0.311,0.346,8
I,0.373,0.288,0.088,0.252,0.097,0.069,0.073,6
M,0.605,0.454,0.179,1.211,0.632,0.269,0.315,9
I,0.353,0.257,0.072,0.155,0.069,0.033,0.048,6
I,0.557,0.39,0.13,0.615,0.278,0.116,0.188,8
I,0.167,0.105,0.025,0.02,0.007,0.005,0.006,4
I,0.582,0.45,0.175,0.987,0.361,0.232,0.319,10
F,0.46,0.41,0.159,0.756,0.298,0.15,0.247,8
I,0.308,0.214,0.082,0.172,0.088,0.035,0.048,5
F,0.578,0.444,0.156,1.12,0.539,0.25,0.277,8
M,0.622,0.466,0.142,1.083,0.481,0.245,0.324,10
F,0.437,0.34,0.131,0.425,0.177,0.112,0.11,9
F,0.615,0.502,0.182,1.306,0.536,0.31,0.368,12
M,0.572,0.433,0.163,1.069,0.544,0.217,0.236,9
M,0.713,0.538,0.199,1.73,0.88,0.326,0.399,10
F,0.544,0.477,0.184,1.306,0.342,0.22,0.423,12
M,0.674,0.556,0.21,1.752,0.845,0.373,0.414,11
M,0.6,0.442,0.148,1.082,0.519,0.201,0.32,10
F,0.652,0.503,0.17,1.096,0.573,0.255,0.292,11
I,0.413,0.338,0.12,0.374,0.153,0.1,0.114,9
F,0.606,0.524,0.162,1.289,0.599,0.307,0.3,9
M,0.713,0.541,0.154,1.693,0.612,0.254,0.525,18
M,0.63,0.481,0.167,1.2,0.621,0.266,0.304,12
F,0.633,0.551,0.162,1.673,0.658,0.29,0.529,12
I,0.481,0.338,0.112,0.6,0.255,0.107,0.185,8
M,0.734,0.582,0.239,2.855,1.107,0.43,0.86,16
M,0.471,0.365,0.162,1.016,0.458,0.211,0.254,8
M,0.629,0.481,0.135,0.942,0.406,0.211,0.326,10
M,0.633,0.503,0.23,1.49,0.481,0.383,0.56,12
F,0.472,0.39,0.11,0.643,0.174,0.163,0.235,13
I,0.529,0.419,0.156,0.736,0.3,0.139,0.281,10
M,0.57,0.448,0.151,0.864,0.353,0.21,0.241,8
M,0.625,0.495,0.172,1.409,0.629,0.278,0.361,11
M,0.73,0.605,0.212,2.028,0.816,0.408,0.603,10
M,0.764,0.616,0.192,2.484,1.156,0.577,0.53,13
M,0.572,0.429,0.124,0.943,0.468,0.206,0.125,10
M,0.307,0.229,0.078,0.185,0.078,0.04,0.055,6
I,0.391,0.262,0.083,0.218,0.096,0.038,0.068,7
M,0.661,0.532,0.22,1.769,0.76,0.329,0.557,21
F,0.573,0.445,0.158,1.064,0.42,0.229,0.276,14
F,0.587,0.453,0.183,1.059,0.419,0.229,0.34,19
I,0.348,0.274,0.088,0.192,0.079,0.04,0.057,6
I,0.217,0.148,0.055,0.04,0.015,0.009,0.013,3
I,0.36,0.282,0.088,0.252,0.116,0.06,0.071,6
F,0.438,0.338,0.141,0.593,0.206,0.139,0.178,10
F,0.634,0.482,0.147,1.085,0.419,0.258,0.361,10
I,0.234,0.178,0.065,0.073,0.031,0.013,0.021,4
I,0.353,0.274,0.101,0.244,0.092,0.055,0.074,7
M,0.165,0.122,0.039,0.026,0.009,0.005,0.008,4
M,0.541,0.453,0.14,0.906,0.396,0.16,0.26,9
M,0.495,0.395,0.156,0.69,0.33,0.133,0.191,8
I,0.353,0.264,0.09,0.221,0.098,0.048,0.063,6
F,0.563,0.459,0.151,0.889,0.372,0.188,0.299,12
M,0.619,0.499,0.176,1.202,0.443,0.242,0.379,9
M,0.228,0.175,0.054,0.05,0.019,0.011,0.02,7
M,0.642,0.513,0.187,1.88,0.828,0.35,0.528,14
F,0.661,0.529,0.201,1.549,0.714,0.349,0.463,11
F,0.482,0.493,0.164,1.078,0.505,0.228,0.321,8
I,0.461,0.356,0.117,0.47,0.189,0.097,0.128,8
I,0.477,0.393,0.105,0.583,0.254,0.122,0.187,8
F,0.584,0.453,0.148,0.995,0.437,0.199,0.305,8
M,0.491,0.412,0.139,0.615,0.284,0.139,0.168,9
M,0.614,0.49,0.171,1.354,0.638,0.24,0.328,11
I,0.57,0.445,0.131,0.808,0.356,0.143,0.237,8
I,0.378,0.267,0.077,0.236,0.102,0.049,0.066,6
F,0.598,0.495,0.146,1.085,0.509,0.241,0.333,11
M,0.662,0.482,0.143,1.188,0.509,0.25,0.327,10
M,0.651,0.496,0.157,1.198,0.543,0.337,0.302,9
M,0.462,0.374,0.122,0.494,0.225,0.099,0.169,7
F,0.61,0.45,0.141,1.097,0.508,0.238,0.303,12
M,0.58,0.476,0.145,1.143,0.589,0.23,0.302,10
I,0.548,0.45,0.165,0.862,0.418,0.169,0.252,9
I,0.294,0.2,0.059,0.114,0.056,0.024,0.029,6
F,0.444,0.375,0.125,0.512,0.194,0.098,0.174,13
M,0.325,0.278,0.083,0.182,0.074,0.046,0.064,10
F,0.41,0.304,0.094,0.345,0.147,0.093,0.103,9
M,0.574,0.454,0.148,0.918,0.345,0.203,0.26,10
M,0.458,0.315,0.122,0.462,0.254,0.089,0.099,8
F,0.552,0.392,0.137,0.751,0.373,0.181,0.204,9
I,0.395,0.315,0.121,0.342,0.167,0.072,0.084,7
M,0.67,0.471,0.17,1.255,0.692,0.301,0.276,11
I,0.317,0.246,0.077,0.156,0.075,0.033,0.046,6
I,0.372,0.304,0.088,0.239,0.088,0.052,0.077,7
M,0.687,0.532,0.162,1.212,0.548,0.292,0.302,11
I,0.488,0.339,0.109,0.631,0.351,0.131,0.13,6
M,0.637,0.507,0.156,1.242,0.551,0.27,0.32,10
M,0.589,0.448,0.139,1.053,0.504,0.209,0.269,9
I,0.412,0.309,0.092,0.357,0.195,0.07,0.094,7
F,0.576,0.492,0.195,1.105,0.45,0.264,0.35,13
I,0.473,0.373,0.127,0.519,0.213,0.101,0.181,15
M,0.591,0.49,0.178,1.179,0.456,0.292,0.373,9
M,0.618,0.46,0.184,1.087,0.357,0.269,0.369,14
M,0.641,0.508,0.165,1.412,0.689,0.317,0.398,9
M,0.692,0.575,0.191,1.768,0.721,0.382,0.595,11
M,0.626,0.505,0.175,1.239,0.507,0.282,0.386,13
M,0.701,0.516,0.147,1.391,0.449,0.297,0.411,14
M,0.68,0.577,0.194,1.933,0.74,0.441,0.718,16
M,0.617,0.492,0.153,1.255,0.419,0.293,0.328,11
I,0.469,0.351,0.103,0.475,0.23,0.093,0.112,7
F,0.631,0.498,0.159,1.06,0.465,0.282,0.298,9
M,0.604,0.428,0.196,1.311,0.612,0.328,0.36,10
M,0.453,0.374,0.135,0.483,0.191,0.082,0.166,11
F,0.598,0.476,0.148,0.913,0.444,0.2,0.25,8
F,0.54,0.416,0.16,0.838,0.384,0.19,0.241,9
M,0.388,0.298,0.095,0.239,0.085,0.058,0.084,9
M,0.622,0.47,0.169,1.423,0.673,0.275,0.327,10
M,0.392,0.239,0.096,0.257,0.106,0.056,0.081,7
I,0.49,0.354,0.097,0.393,0.181,0.086,0.137,8
M,0.619,0.492,0.188,1.232,0.518,0.295,0.37,13
M,0.606,0.465,0.135,0.878,0.421,0.177,0.217,8
M,0.599,0.506,0.23,1.588,0.562,0.283,0.583,16
F,0.514,0.386,0.138,0.625,0.304,0.199,0.162,12
I,0.561,0.456,0.147,0.873,0.411,0.207,0.241,8
I,0.396,0.286,0.104,0.319,0.153,0.062,0.081,6
I,0.299,0.221,0.088,0.149,0.06,0.035,0.043,6
I,0.485,0.38,0.117,0.454,0.178,0.093,0.153,8
I,0.465,0.375,0.128,0.453,0.173,0.115,0.133,10
F,0.632,0.517,0.163,1.232,0.58,0.274,0.308,9
M,0.488,0.379,0.135,0.641,0.31,0.128,0.157,8
M,0.538,0.436,0.133,0.834,0.37,0.166,0.281,16
F,0.7,0.521,0.196,1.474,0.586,0.344,0.42,12
I,0.309,0.232,0.068,0.145,0.059,0.022,0.05,5
F,0.542,0.455,0.138,0.814,0.397,0.169,0.248,9
F,0.57,0.477,0.165,0.94,0.384,0.231,0.253,9
F,0.728,0.564,0.197,1.807,0.629,0.459,0.559,13
F,0.579,0.44,0.178,0.91,0.366,0.217,0.275,13
F,0.734,0.557,0.173,1.549,0.668,0.448,0.276,11
F,0.611,0.472,0.166,1.313,0.531,0.327,0.32,14
I,0.305,0.213,0.072,0.14,0.065,0.03,0.037,5
M,0.557,0.479,0.137,0.928,0.429,0.208,0.255,12
I,0.362,0.26,0.085,0.189,0.079,0.036,0.06,7
M,0.673,0.524,0.175,1.536,0.804,0.33,0.326,12
F,0.47,0.347,0.124,0.508,0.229,0.1,0.167,10
F,0.408,0.333,0.107,0.376,0.159,0.075,0.12,10
I,0.594,0.439,0.138,0.798,0.339,0.142,0.236,10
M,0.662,0.533,0.169,1.424,0.546,0.282,0.533,21
F,0.647,0.559,0.155,1.611,0.879,0.334,0.339,10
F,0.577,0.429,0.129,0.814,0.334,0.164,0.249,9
M,0.544,0.46,0.143,1.007,0.436,0.198,0.273,14
F,0.562,0.434,0.167,0.813,0.357,0.15,0.226,12
I,0.312,0.225,0.094,0.183,0.098,0.034,0.042,7
I,0.507,0.384,0.117,0.508,0.193,0.132,0.164,8
I,0.166,0.121,0.031,0.022,0.007,0.005,0.005,3
I,0.162,0.106,0.021,0.019,0.007,0.003,0.005,4
M,0.639,0.448,0.151,1.119,0.481,0.296,0.262,9
I,0.47,0.331,0.088,0.383,0.171,0.069,0.112,8
M,0.708,0.49,0.166,1.497,0.567,0.405,0.4,15
I,0.333,0.251,0.073,0.177,0.074,0.038,0.054,6
I,0.449,0.335,0.108,0.364,0.157,0.076,0.116,9
I,0.338,0.268,0.094,0.178,0.073,0.055,0.056,6
F,0.368,0.275,0.081,0.218,0.088,0.065,0.072,8
I,0.568,0.449,0.134,0.818,0.414,0.14,0.251,10
F,0.51,0.439,0.14,0.856,0.356,0.207,0.229,8
F,0.542,0.393,0.142,0.662,0.26,0.167,0.202,10
F,0.602,0.477,0.159,1.163,0.461,0.157,0.43,11
F,0.446,0.356,0.125,0.43,0.146,0.117,0.129,10
F,0.285,0.202,0.069,0.084,0.03,0.021,0.026,5
M,0.437,0.341,0.145,0.603,0.161,0.125,0.206,13
M,0.593,0.46,0.091,0.829,0.324,0.217,0.234,8
F,0.377,0.268,0.091,0.22,0.095,0.038,0.071,10
M,0.688,0.595,0.23,2.346,0.904,0.386,0.687,16
I,0.454,0.324,0.111,0.392,0.156,0.081,0.117,8
I,0.503,0.356,0.119,0.491,0.245,0.085,0.153,9
I,0.435,0.31,0.113,0.31,0.127,0.059,0.102,10
I,0.566,0.417,0.152,0.769,0.269,0.166,0.274,14
I,0.457,0.316,0.098,0.421,0.183,0.085,0.105,6
I,0.405,0.333,0.084,0.257,0.12,0.067,0.07,8
M,0.637,0.513,0.185,1.364,0.594,0.298,0.4,11
F,0.638,0.55,0.17,1.242,0.589,0.124,0.416,8
M,0.582,0.404,0.131,0.617,0.235,0.146,0.198,8
M,0.653,0.509,0.181,1.346,0.531,0.318,0.397,10
I,0.533,0.399,0.133,0.592,0.24,0.121,0.191,8
F,0.405,0.324,0.113,0.362,0.149,0.072,0.106,12
I,0.587,0.437,0.158,0.816,0.35,0.179,0.254,13
M,0.561,0.435,0.167,0.956,0.34,0.173,0.364,19
F,0.457,0.343,0.115,0.465,0.194,0.086,0.134,12
F,0.631,0.484,0.162,1.227,0.57,0.284,0.294,11
M,0.349,0.284,0.098,0.202,0.065,0.054,0.073,9
I,0.495,0.379,0.125,0.505,0.21,0.12,0.174,10
F,0.663,0.511,0.193,1.298,0.579,0.236,0.406,15
M,0.581,0.422,0.194,1.454,0.586,0.344,0.39,10
I,0.462,0.347,0.132,0.49,0.217,0.089,0.145,8
I,0.569,0.466,0.152,0.763,0.277,0.217,0.221,10
M,0.602,0.484,0.162,1.061,0.388,0.167,0.341,19
M,0.613,0.451,0.123,1.056,0.391,0.204,0.251,16
F,0.53,0.423,0.154,0.741,0.289,0.179,0.24,12
M,0.637,0.529,0.188,1.355,0.514,0.321,0.466,16
I,0.159,0.116,0.015,0.014,0.006,0.003,0.005,4
F,0.665,0.489,0.171,1.382,0.545,0.283,0.397,9
M,0.407,0.305,0.097,0.316,0.127,0.058,0.099,11
F,0.431,0.31,0.115,0.363,0.152,0.091,0.129,11
M,0.16,0.11,0.025,0.025,0.009,0.005,0.008,5
F,0.567,0.475,0.144,0.864,0.366,0.175,0.289,9
M,0.639,0.542,0.159,1.247,0.491,0.311,0.348,11
M,0.595,0.457,0.183,1.181,0.527,0.288,0.306,10
M,0.633,0.524,0.214,1.55,0.675,0.296,0.595,15
M,0.67,0.554,0.189,1.837,0.803,0.371,0.417,11
M,0.663,0.514,0.167,1.369,0.589,0.263,0.456,11
M,0.627,0.504,0.149,1.272,0.555,0.288,0.324,11
F,0.649,0.499,0.173,1.26,0.495,0.25,0.413,10
M,0.642,0.472,0.153,1.269,0.612,0.271,0.295,10
I,0.312,0.212,0.062,0.129,0.059,0.025,0.031,5
M,0.638,0.512,0.18,1.34,0.638,0.296,0.367,14
M,0.543,0.402,0.143,0.785,0.365,0.184,0.188,9
I,0.409,0.31,0.1,0.326,0.178,0.05,0.09,8
F,0.366,0.29,0.115,0.238,0.109,0.055,0.073,9
M,0.534,0.402,0.163,0.823,0.267,0.194,0.256,13
I,0.497,0.383,0.112,0.465,0.21,0.096,0.139,8
M,0.523,0.41,0.144,0.741,0.294,0.133,0.204,7
M,0.492,0.388,0.142,0.587,0.253,0.131,0.204,9
M,0.464,0.34,0.139,0.561,0.201,0.144,0.198,15
F,0.612,0.503,0.186,1.363,0.508,0.308,0.401,16
I,0.421,0.311,0.102,0.289,0.109,0.062,0.089,8
I,0.389,0.304,0.098,0.278,0.143,0.06,0.083,7
F,0.643,0.509,0.185,1.258,0.568,0.261,0.315,10
I,0.506,0.385,0.145,0.648,0.281,0.153,0.201,15
M,0.592,0.423,0.135,0.807,0.345,0.184,0.215,9
I,0.48,0.349,0.113,0.393,0.18,0.076,0.121,8
I,0.502,0.379,0.148,0.604,0.287,0.134,0.179,13
F,0.607,0.501,0.143,1.105,0.551,0.27,0.285,10
I,0.424,0.336,0.13,0.48,0.179,0.092,0.193,12
F,0.599,0.481,0.145,0.942,0.405,0.194,0.308,9
M,0.561,0.445,0.158,1.165,0.557,0.233,0.287,10
M,0.451,0.361,0.139,0.505,0.229,0.156,0.151,10
M,0.645,0.482,0.225,1.589,0.542,0.342,0.436,15
F,0.383,0.331,0.115,0.342,0.146,0.095,0.101,8
I,0.447,0.38,0.122,0.44,0.216,0.1,0.127,8
I,0.351,0.271,0.097,0.191,0.074,0.053,0.069,6
I,0.457,0.351,0.134,0.5,0.207,0.136,0.112,13
M,0.598,0.489,0.178,1.129,0.45,0.277,0.338,10
M,0.587,0.469,0.194,1.17,0.594,0.248,0.251,10
M,0.732,0.593,0.214,2.299,1.164,0.462,0.522,10
M,0.564,0.411,0.123,0.829,0.303,0.152,0.203,10
M,0.457,0.356,0.144,0.63,0.197,0.147,0.186,16
M,0.54,0.424,0.181,1.149,0.411,0.202,0.363,20
M,0.795,0.611,0.253,2.76,1.37,0.794,0.556,12
F,0.688,0.536,0.187,1.343,0.478,0.326,0.49,15
I,0.425,0.322,0.115,0.379,0.164,0.071,0.121,7
F,0.631,0.484,0.204,1.494,0.656,0.32,0.359,11
M,0.15,0.107,0.038,0.015,0.006,0.003,0.005,3
F,0.603,0.445,0.153,1.109,0.491,0.277,0.256,10
I,0.442,0.344,0.101,0.337,0.125,0.072,0.11,7
F,0.601,0.428,0.144,0.915,0.489,0.198,0.216,7
M,0.648,0.5,0.172,1.145,0.511,0.222,0.345,9
F,0.711,0.541,0.167,1.501,0.634,0.313,0.425,11
I,0.383,0.299,0.12,0.283,0.089,0.076,0.086,8
F,0.362,0.326,0.113,0.301,0.117,0.077,0.102,10
F,0.585,0.449,0.144,1.003,0.426,0.219,0.278,9
M,0.671,0.494,0.189,1.52,0.577,0.345,0.477,9
F,0.736,0.499,0.178,1.607,0.674,0.393,0.398,11
I,0.494,0.405,0.157,0.769,0.293,0.164,0.242,13
F,0.351,0.246,0.093,0.207,0.079,0.057,0.055,6
I,0.374,0.264,0.089,0.207,0.1,0.04,0.061,6
I,0.417,0.312,0.091,0.319,0.149,0.072,0.087,8
I,0.423,0.328,0.113,0.363,0.156,0.083,0.122,7
I,0.588,0.428,0.131,0.871,0.331,0.173,0.285,11
F,0.527,0.415,0.168,0.723,0.298,0.171,0.202,10
I,0.525,0.389,0.127,0.687,0.292,0.127,0.184,9
F,0.654,0.487,0.142,1.033,0.493,0.225,0.313,8
F,0.473,0.367,0.129,0.572,0.194,0.126,0.175,10
M,0.469,0.383,0.174,0.529,0.197,0.134,0.156,9
M,0.681,0.493,0.193,1.516,0.687,0.394,0.42,10
F,0.684,0.522,0.219,1.913,0.885,0.394,0.43,10
I,0.36,0.267,0.086,0.212,0.097,0.04,0.061,7
F,0.585,0.45,0.202,1.073,0.388,0.198,0.283,16
M,0.719,0.534,0.172,1.799,0.986,0.409,0.448,11
F,0.682,0.519,0.179,1.529,0.652,0.346,0.423,10
F,0.578,0.458,0.177,1.147,0.478,0.228,0.343,9
M,0.336,0.227,0.088,0.157,0.064,0.034,0.055,10
M,0.611,0.482,0.16,1.305,0.419,0.243,0.599,21
F,0.608,0.463,0.159,1.123,0.52,0.264,0.27,10
M,0.34,0.28,0.092,0.244,0.092,0.064,0.079,11
F,0.444,0.35,0.124,0.454,0.161,0.103,0.14,16
I,0.44,0.347,0.11,0.422,0.189,0.082,0.133,7
M,0.504,0.401,0.139,0.705,0.329,0.161,0.175,11
M,0.631,0.486,0.205,1.169,0.594,0.224,0.367,10
I,0.578,0.45,0.149,0.675,0.274,0.163,0.228,11
M,0.48,0.454,0.131,0.499,0.226,0.125,0.143,7
M,0.581,0.449,0.156,1.247,0.47,0.39,0.256,10
F,0.675,0.508,0.166,1.781,0.794,0.406,0.468,12
M,0.495,0.366,0.103,0.526,0.243,0.102,0.132,8
F,0.698,0.583,0.178,1.555,0.708,0.299,0.414,13
F,0.685,0.5,0.188,1.558,0.67,0.231,0.446,14
F,0.529,0.409,0.121,0.651,0.253,0.174,0.218,12
I,0.453,0.352,0.122,0.419,0.199,0.111,0.117,6
F,0.562,0.438,0.157,0.933,0.351,0.246,0.279,8
I,0.502,0.374,0.136,0.523,0.234,0.09,0.14,8
F,0.518,0.402,0.121,0.552,0.25,0.129,0.177,10
I,0.327,0.229,0.075,0.181,0.085,0.044,0.051,6
I,0.382,0.285,0.084,0.265,0.112,0.056,0.068,6
F,0.467,0.382,0.133,0.555,0.235,0.141,0.165,12
M,0.472,0.376,0.124,0.531,0.216,0.119,0.149,9
I,0.576,0.41,0.127,0.608,0.288,0.149,0.174,8
I,0.496,0.385,0.148,0.747,0.426,0.147,0.193,7
I,0.27,0.192,0.063,0.109,0.045,0.021,0.029,7
M,0.565,0.431,0.173,0.801,0.332,0.163,0.231,11
F,0.548,0.386,0.143,0.783,0.333,0.209,0.215,13
I,0.385,0.278,0.087,0.271,0.133,0.044,0.078,8
F,0.723,0.544,0.171,1.745,0.621,0.327,0.5,16
M,0.492,0.412,0.16,0.714,0.251,0.137,0.295,14
M,0.697,0.523,0.166,1.5,0.736,0.358,0.396,11
I,0.375,0.27,0.098,0.228,0.08,0.05,0.086,10
F,0.676,0.565,0.157,1.249,0.518,0.292,0.428,10
I,0.401,0.295,0.089,0.335,0.161,0.072,0.088,7
F,0.645,0.476,0.213,1.509,0.601,0.378,0.45,11
I,0.322,0.259,0.084,0.184,0.095,0.03,0.054,6
I,0.504,0.37,0.131,0.54,0.238,0.134,0.15,8
I,0.477,0.35,0.101,0.474,0.212,0.102,0.108,7
F,0.561,0.44,0.149,0.982,0.437,0.219,0.252,18
M,0.571,0.428,0.132,0.847,0.237,0.202,0.297,10
M,0.642,0.495,0.189,1.399,0.755,0.282,0.338,10
M,0.632,0.522,0.23,1.56,0.542,0.318,0.713,18
M,0.551,0.464,0.176,0.935,0.409,0.189,0.219,7
F,0.674,0.514,0.198,1.251,0.764,0.411,0.445,12
I,0.383,0.273,0.09,0.222,0.102,0.043,0.067,5
I,0.527,0.43,0.149,0.733,0.335,0.168,0.216,11
I,0.436,0.357,0.134,0.431,0.205,0.086,0.116,13
I,0.397,0.301,0.094,0.25,0.124,0.043,0.068,5
M,0.607,0.441,0.144,0.966,0.508,0.222,0.289,10
I,0.524,0.39,0.124,0.563,0.213,0.106,0.183,9
I,0.653,0.424,0.176,1.46,0.589,0.311,0.397,12
I,0.51,0.374,0.131,0.684,0.276,0.16,0.2,11
M,0.593,0.458,0.159,0.894,0.402,0.196,0.283,10
M,0.62,0.456,0.144,1.106,0.541,0.268,0.294,11
F,0.499,0.388,0.146,0.782,0.252,0.136,0.232,22
M,0.56,0.445,0.182,0.882,0.347,0.165,0.386,16
F,0.587,0.454,0.151,0.757,0.355,0.187,0.254,10
F,0.515,0.381,0.129,0.644,0.295,0.152,0.174,8
M,0.517,0.439,0.128,0.719,0.366,0.182,0.183,8
I,0.626,0.496,0.164,1.046,0.433,0.253,0.333,12
F,0.717,0.534,0.199,1.898,0.569,0.37,0.592,13
M,0.603,0.518,0.172,1.133,0.486,0.228,0.353,9
M,0.679,0.548,0.183,1.602,0.836,0.352,0.428,10
I,0.39,0.294,0.107,0.296,0.119,0.062,0.09,8
M,0.734,0.6,0.219,2.235,0.771,0.513,0.658,13
M,0.627,0.474,0.192,1.042,0.399,0.195,0.373,25
I,0.396,0.294,0.105,0.247,0.111,0.04,0.086,6
I,0.438,0.363,0.105,0.447,0.221,0.096,0.135,7
M,0.435,0.334,0.144,0.44,0.161,0.073,0.145,14
M,0.299,0.224,0.082,0.133,0.056,0.025,0.045,10
M,0.604,0.484,0.15,0.931,0.344,0.211,0.257,12
M,0.512,0.385,0.114,0.642,0.303,0.155,0.187,9
F,0.667,0.492,0.194,1.191,0.436,0.274,0.371,13
M,0.579,0.435,0.177,1.06,0.439,0.209,0.311,14
I,0.189,0.148,0.043,0.039,0.018,0.006,0.011,3
I,0.452,0.429,0.113,0.427,0.185,0.094,0.125,8
I,0.511,0.402,0.154,0.76,0.297,0.204,0.265,13
F,0.613,0.476,0.166,1.12,0.461,0.283,0.34,10
I,0.442,0.337,0.114,0.492,0.25,0.066,0.134,8
I,0.585,0.412,0.125,0.636,0.275,0.145,0.214,9
M,0.56,0.439,0.161,0.856,0.334,0.193,0.262,10
I,0.336,0.265,0.09,0.189,0.091,0.041,0.056,7
M,0.692,0.588,0.199,2.334,1.053,0.411,0.643,12
F,0.661,0.462,0.194,1.408,0.676,0.295,0.334,12
I,0.46,0.304,0.094,0.335,0.149,0.09,0.084,7
M,0.413,0.321,0.102,0.365,0.14,0.073,0.109,9
I,0.464,0.333,0.1,0.442,0.157,0.076,0.166,13
M,0.703,0.542,0.21,1.473,0.555,0.34,0.451,14
F,0.521,0.375,0.131,0.613,0.23,0.137,0.202,16
I,0.318,0.236,0.078,0.177,0.077,0.046,0.048,5
I,0.482,0.375,0.13,0.543,0.254,0.128,0.163,7
I,0.535,0.375,0.148,0.615,0.298,0.115,0.166,8
F,0.632,0.477,0.154,1.045,0.436,0.282,0.299,10
M,0.294,0.22,0.081,0.13,0.04,0.028,0.041,8
M,0.685,0.596,0.223,1.869,0.899,0.46,0.494,11
M,0.549,0.413,0.126,0.638,0.298,0.148,0.176,7
M,0.545,0.419,0.139,0.842,0.363,0.164,0.299,8
I,0.475,0.362,0.109,0.435,0.187,0.102,0.129,8
F,0.719,0.588,0.199,1.776,0.815,0.491,0.509,11
I,0.599,0.444,0.158,0.963,0.414,0.178,0.343,14
M,0.579,0.472,0.139,0.991,0.404,0.227,0.274,10
F,0.496,0.411,0.173,0.862,0.367,0.229,0.262,13
M,0.727,0.528,0.209,1.874,0.906,0.434,0.504,13
F,0.552,0.468,0.166,1.094,0.543,0.224,0.249,10
I,0.186,0.136,0.029,0.033,0.012,0.005,0.011,3
I,0.454,0.349,0.141,0.546,0.274,0.083,0.131,7
F,0.695,0.593,0.197,1.581,0.687,0.345,0.459,10
M,0.634,0.506,0.159,1.269,0.636,0.315,0.316,9
F,0.701,0.601,0.193,1.815,0.805,0.412,0.481,11
F,0.573,0.469,0.151,0.952,0.408,0.225,0.259,11
I,0.37,0.292,0.097,0.243,0.102,0.058,0.069,6
M,0.617,0.491,0.167,1.222,0.646,0.213,0.31,9
F,0.719,0.592,0.204,2.186,1.004,0.491,0.531,10
I,0.479,0.368,0.106,0.495,0.208,0.105,0.144,8
M,0.324,0.265,0.092,0.21,0.074,0.043,0.07,10
F,0.446,0.363,0.105,0.509,0.24,0.119,0.146,8
F,0.544,0.433,0.124,0.731,0.339,0.199,0.209,8
F,0.541,0.415,0.126,0.685,0.308,0.166,0.185,8
I,0.364,0.284,0.104,0.229,0.107,0.058,0.067,8
M,0.701,0.57,0.212,2.215,1.091,0.386,0.536,11
I,0.436,0.331,0.112,0.37,0.157,0.082,0.105,6
M,0.363,0.292,0.087,0.314,0.129,0.09,0.089,9
F,0.57,0.477,0.153,0.998,0.471,0.271,0.302,9
M,0.599,0.497,0.169,1.123,0.529,0.255,0.275,9
F,0.646,0.511,0.169,1.666,0.497,0.404,0.623,12
F,0.573,0.482,0.155,0.99,0.488,0.243,0.293,11
F,0.706,0.556,0.207,2.111,0.714,0.437,0.59,13
M,0.619,0.492,0.165,1.143,0.447,0.259,0.386,12
M,0.605,0.48,0.146,0.987,0.448,0.206,0.273,10
F,0.604,0.47,0.162,0.977,0.449,0.251,0.257,10
F,0.553,0.437,0.148,1.048,0.479,0.21,0.358,8
I,0.522,0.398,0.115,0.636,0.32,0.129,0.166,7
M,0.609,0.449,0.168,1.099,0.509,0.232,0.318,9
M,0.626,0.485,0.198,1.56,0.555,0.342,0.524,15
F,0.654,0.472,0.168,1.403,0.493,0.314,0.502,18
F,0.597,0.425,0.147,1.049,0.489,0.201,0.279,9
M,0.564,0.449,0.173,1.147,0.538,0.273,0.282,10
I,0.213,0.146,0.051,0.045,0.016,0.012,0.013,6
M,0.583,0.426,0.161,0.897,0.353,0.248,0.308,13
F,0.595,0.477,0.169,1.162,0.297,0.185,0.461,13
F,0.535,0.417,0.141,0.705,0.245,0.149,0.211,9
M,0.575,0.468,0.188,1.119,0.404,0.265,0.368,10
F,0.633,0.515,0.163,1.189,0.545,0.241,0.33,11
M,0.538,0.446,0.145,0.969,0.415,0.21,0.3,10
M,0.43,0.324,0.114,0.374,0.14,0.104,0.101,9
F,0.368,0.295,0.107,0.297,0.129,0.057,0.102,7
I,0.505,0.403,0.125,0.605,0.254,0.143,0.183,7
M,0.47,0.377,0.161,0.949,0.434,0.24,0.237,9
M,0.604,0.422,0.156,0.812,0.327,0.209,0.253,9
M,0.714,0.536,0.181,1.552,0.744,0.312,0.517,12
I,0.386,0.258,0.096,0.207,0.098,0.047,0.063,6
F,0.632,0.506,0.168,1.059,0.45,0.199,0.393,11
F,0.472,0.375,0.118,0.47,0.209,0.103,0.153,10
M,0.589,0.439,0.149,0.986,0.407,0.266,0.257,10
M,0.572,0.428,0.152,1.068,0.525,0.209,0.277,10
I,0.681,0.542,0.186,1.686,0.626,0.386,0.409,16
M,0.626,0.431,0.162,1.088,0.565,0.216,0.309,10
M,0.569,0.395,0.148,0.815,0.273,0.194,0.263,12
I,0.373,0.293,0.096,0.276,0.12,0.066,0.089,7
M,0.406,0.3,0.108,0.35,0.18,0.085,0.102,9
M,0.61,0.507,0.158,1.051,0.541,0.192,0.329,10
I,0.484,0.407,0.168,0.703,0.367,0.145,0.177,8
F,0.651,0.518,0.183,1.518,0.764,0.32,0.358,9
I,0.566,0.426,0.141,0.702,0.357,0.157,0.213,8
I,0.522,0.402,0.146,0.685,0.307,0.153,0.171,7
I,0.477,0.391,0.144,0.53,0.202,0.12,0.172,8
F,0.703,0.514,0.154,1.447,0.508,0.333,0.362,12
I,0.538,0.415,0.144,0.674,0.29,0.157,0.206,8
I,0.453,0.326,0.15,0.434,0.198,0.089,0.125,7
I,0.509,0.421,0.128,0.639,0.25,0.133,0.208,9
F,0.586,0.44,0.146,0.809,0.423,0.176,0.227,8
M,0.488,0.383,0.102,0.563,0.248,0.123,0.156,9
I,0.285,0.205,0.073,0.099,0.04,0.029,0.03,6
F,0.617,0.482,0.14,1.091,0.532,0.269,0.274,9
M,0.724,0.589,0.202,1.969,0.997,0.338,0.513,12
M,0.635,0.551,0.229,2.15,0.726,0.384,0.915,27
I,0.365,0.298,0.087,0.229,0.11,0.039,0.083,8
M,0.62,0.499,0.153,1.138,0.516,0.236,0.322,11
F,0.585,0.453,0.163,0.947,0.329,0.193,0.293,14
M,0.5,0.394,0.123,0.637,0.28,0.134,0.154,9
M,0.524,0.43,0.154,0.648,0.246,0.146,0.26,13
M,0.631,0.493,0.179,1.267,0.517,0.247,0.307,11
M,0.414,0.305,0.131,0.431,0.195,0.09,0.115,9
M,0.609,0.465,0.156,1.062,0.42,0.199,0.311,20
M,0.61,0.483,0.165,1.132,0.43,0.217,0.301,15
M,0.612,0.487,0.146,1.144,0.692,0.239,0.224,10
F,0.504,0.365,0.126,0.527,0.256,0.106,0.166,10
F,0.546,0.407,0.118,0.704,0.312,0.201,0.204,15
M,0.596,0.507,0.153,1.074,0.448,0.219,0.325,10
I,0.158,0.117,0.02,0.019,0.007,0.004,0.005,4
F,0.625,0.466,0.145,0.913,0.448,0.187,0.239,9
M,0.434,0.339,0.126,0.447,0.216,0.1,0.131,8
M,0.528,0.449,0.164,0.875,0.333,0.216,0.308,14
F,0.563,0.447,0.192,0.979,0.426,0.263,0.274,15
M,0.76,0.573,0.18,2.497,1.174,0.503,0.526,12
F,0.45,0.388,0.126,0.633,0.311,0.148,0.167,11
M,0.26,0.197,0.065,0.099,0.046,0.027,0.031,6
M,0.545,0.412,0.128,0.756,0.366,0.178,0.199,8
I,0.46,0.316,0.137,0.794,0.419,0.172,0.215,8
M,0.593,0.499,0.204,1.216,0.396,0.259,0.381,15
I,0.161,0.102,0.049,0.018,0.005,0.004,0.005,4
M,0.509,0.388,0.144,0.637,0.253,0.199,0.155,9
I,0.341,0.255,0.083,0.173,0.066,0.038,0.059,8
M,0.716,0.623,0.239,2.099,0.792,0.393,0.585,10
F,0.476,0.335,0.119,0.436,0.159,0.089,0.128,9
M,0.632,0.444,0.138,1.027,0.412,0.204,0.31,13
M,0.629,0.484,0.197,1.243,0.601,0.322,0.373,13
F,0.567,0.412,0.166,0.782,0.383,0.161,0.223,9
I,0.247,0.191,0.063,0.087,0.038,0.021,0.024,5
M,0.608,0.471,0.152,0.905,0.443,0.211,0.215,10
F,0.678,0.471,0.169,1.346,0.606,0.342,0.316,9
I,0.543,0.434,0.13,0.673,0.4,0.107,0.169,9
M,0.61,0.447,0.138,1.039,0.514,0.282,0.263,10
I,0.611,0.472,0.153,0.889,0.36,0.172,0.306,11
I,0.327,0.257,0.104,0.167,0.063,0.034,0.06,7
F,0.503,0.376,0.125,0.804,0.272,0.096,0.282,13
M,0.307,0.251,0.072,0.15,0.061,0.036,0.05,11
M,0.555,0.417,0.132,0.892,0.285,0.155,0.318,14
F,0.629,0.476,0.181,1.209,0.444,0.309,0.382,20
M,0.56,0.427,0.144,0.988,0.605,0.18,0.209,8
M,0.443,0.326,0.121,0.434,0.22,0.131,0.106,6
F,0.701,0.591,0.202,1.747,0.791,0.438,0.465,11
M,0.488,0.405,0.136,0.649,0.253,0.127,0.241,12
M,0.531,0.374,0.139,0.666,0.329,0.136,0.177,9
F,0.708,0.486,0.172,1.375,0.655,0.296,0.354,12
M,0.566,0.467,0.15,0.836,0.334,0.205,0.244,8
F,0.653,0.529,0.17,1.417,0.554,0.311,0.398,10
F,0.601,0.502,0.156,1.015,0.397,0.282,0.309,16
F,0.58,0.453,0.157,1.024,0.442,0.264,0.312,10
F,0.705,0.535,0.198,1.6,0.872,0.3,0.406,9
I,0.341,0.296,0.1,0.238,0.091,0.046,0.073,6
M,0.565,0.422,0.116,0.793,0.438,0.137,0.189,9
M,0.604,0.478,0.182,1.22,0.43,0.285,0.412,13
F,0.692,0.517,0.188,1.318,0.53,0.275,0.476,11
M,0.658,0.497,0.18,1.406,0.577,0.243,0.443,11
I,0.428,0.333,0.151,0.524,0.199,0.099,0.172,15
M,0.519,0.405,0.149,0.971,0.506,0.175,0.225,8
M,0.508,0.439,0.13,0.752,0.288,0.156,0.229,9
I,0.436,0.369,0.107,0.455,0.206,0.097,0.13,8
F,0.443,0.376,0.115,0.482,0.191,0.114,0.159,10
F,0.618,0.491,0.169,1.209,0.564,0.325,0.32,9
F,0.617,0.452,0.148,1.037,0.472,0.205,0.266,10
M,0.412,0.292,0.083,0.305,0.11,0.073,0.104,10
I,0.396,0.304,0.091,0.316,0.133,0.086,0.079,6
F,0.687,0.509,0.183,1.734,0.732,0.331,0.489,12
F,0.314,0.228,0.076,0.155,0.071,0.034,0.05,7
I,0.534,0.416,0.142,0.897,0.371,0.182,0.268,21
F,0.706,0.62,0.192,2.064,0.576,0.391,0.677,16
I,0.397,0.326,0.103,0.336,0.152,0.058,0.103,10
M,0.542,0.432,0.15,0.864,0.322,0.253,0.26,13
F,0.674,0.531,0.182,1.635,0.696,0.381,0.417,9
M,0.626,0.457,0.172,1.082,0.539,0.27,0.29,7
I,0.341,0.249,0.077,0.173,0.057,0.037,0.065,7
F,0.658,0.484,0.175,1.417,0.613,0.29,0.32,6
F,0.556,0.425,0.159,0.885,0.401,0.224,0.222,9
F,0.627,0.479,0.155,1.067,0.507,0.268,0.315,10
I,0.431,0.35,0.098,0.339,0.133,0.065,0.11,8
M,0.625,0.462,0.224,1.101,0.419,0.236,0.372,16
I,0.567,0.444,0.141,0.954,0.432,0.178,0.273,10
F,0.525,0.471,0.146,0.984,0.529,0.194,0.264,7
F,0.447,0.367,0.131,0.644,0.264,0.139,0.183,8
I,0.331,0.257,0.09,0.183,0.076,0.033,0.054,6
I,0.459,0.32,0.102,0.369,0.161,0.078,0.111,7
I,0.516,0.422,0.158,0.611,0.211,0.145,0.265,15
M,0.637,0.505,0.152,1.554,0.661,0.371,0.434,11
F,0.683,0.595,0.201,2.025,1.041,0.476,0.494,12
M,0.501,0.404,0.125,0.649,0.288,0.134,0.172,10
M,0.598,0.497,0.188,1.34,0.616,0.313,0.344,14
M,0.527,0.392,0.137,0.829,0.24,0.161,0.248,10
M,0.577,0.48,0.187,1.227,0.509,0.244,0.327,10
M,0.654,0.507,0.178,1.344,0.606,0.259,0.381,9
I,0.439,0.326,0.139,0.406,0.155,0.098,0.114,6
F,0.73,0.557,0.221,1.623,0.638,0.435,0.459,11
I,0.48,0.382,0.117,0.546,0.266,0.109,0.133,6
M,0.645,0.505,0.199,1.7,0.834,0.349,0.363,11
M,0.546,0.452,0.137,0.733,0.331,0.132,0.228,12
M,0.477,0.333,0.103,0.463,0.23,0.102,0.126,9
M,0.546,0.416,0.151,0.865,0.316,0.193,0.259,16
I,0.53,0.38,0.116,0.675,0.331,0.13,0.188,11
F,0.508,0.398,0.148,0.792,0.304,0.17,0.264,7
F,0.486,0.388,0.127,0.647,0.259,0.133,0.229,10
F,0.682,0.558,0.19,1.55,0.674,0.317,0.484,15
M,0.505,0.379,0.17,0.778,0.36,0.183,0.174,10
I,0.299,0.21,0.062,0.108,0.051,0.019,0.031,5
I,0.47,0.38,0.115,0.574,0.3,0.123,0.134,8
F,0.615,0.512,0.174,1.329,0.568,0.354,0.302,9
M,0.423,0.363,0.143,0.441,0.163,0.069,0.182,16
M,0.578,0.429,0.134,0.895,0.488,0.194,0.194,9
M,0.375,0.304,0.099,0.262,0.102,0.052,0.075,8
M,0.61,0.496,0.175,1.15,0.419,0.262,0.415,16
I,0.492,0.389,0.126,0.56,0.223,0.133,0.199,9
M,0.66,0.536,0.166,1.686,0.672,0.302,0.419,11
F,0.506,0.354,0.15,0.891,0.425,0.209,0.28,7
M,0.428,0.311,0.105,0.317,0.132,0.073,0.114,7
F,0.69,0.529,0.171,1.677,0.722,0.328,0.317,11
I,0.262,0.209,0.052,0.084,0.029,0.019,0.03,6
M,0.358,0.264,0.09,0.227,0.083,0.052,0.072,6
M,0.569,0.398,0.157,0.889,0.374,0.246,0.29,18
M,0.74,0.583,0.229,2.287,1.211,0.425,0.541,15
F,0.625,0.513,0.189,1.136,0.54,0.207,0.165,10
M,0.789,0.594,0.193,2.446,1.078,0.656,0.66,12
M,0.642,0.501,0.197,1.413,0.663,0.305,0.349,8
I,0.168,0.127,0.042,0.027,0.009,0.008,0.009,4
M,0.609,0.45,0.171,1.048,0.484,0.227,0.315,11
M,0.498,0.35,0.117,0.532,0.246,0.093,0.153,8
F,0.528,0.449,0.145,0.884,0.382,0.195,0.239,12
F,0.591,0.506,0.199,1.397,0.476,0.269,0.407,15
M,0.47,0.362,0.107,0.479,0.188,0.081,0.189,10
M,0.46,0.358,0.125,0.498,0.219,0.136,0.144,8
M,0.555,0.427,0.131,0.868,0.385,0.192,0.282,9
I,0.421,0.326,0.132,0.525,0.177,0.087,0.193,16
M,0.362,0.269,0.099,0.212,0.087,0.043,0.082,10
F,0.494,0.334,0.188,0.706,0.307,0.165,0.2,11
M,0.502,0.385,0.138,0.618,0.243,0.13,0.165,8
M,0.732,0.575,0.173,1.8,0.954,0.393,0.457,11
I,0.168,0.128,0.058,0.032,0.011,0.007,0.012,5
M,0.587,0.493,0.187,0.93,0.405,0.208,0.294,15
F,0.626,0.48,0.219,1.418,0.652,0.326,0.419,13
M,0.281,0.225,0.074,0.106,0.04,0.022,0.037,5
F,0.41,0.321,0.118,0.387,0.142,0.109,0.108,11
M,0.601,0.479,0.142,1.1,0.513,0.174,0.328,12
I,0.444,0.337,0.112,0.35,0.153,0.07,0.119,8
F,0.522,0.428,0.13,0.85,0.41,0.202,0.249,8
I,0.53,0.428,0.125,0.8,0.367,0.166,0.255,11
F,0.463,0.395,0.135,0.536,0.194,0.138,0.179,14
M,0.669,0.507,0.198,1.522,0.732,0.355,0.4,14
F,0.64,0.562,0.177,1.346,0.558,0.292,0.32,14
I,0.314,0.262,0.087,0.166,0.075,0.034,0.058,8
M,0.625,0.472,0.19,1.568,0.598,0.425,0.454,12
M,0.554,0.438,0.151,0.823,0.299,0.165,0.261,16
M,0.345,0.263,0.093,0.17,0.055,0.044,0.067,12
F,0.7,0.574,0.202,1.798,0.627,0.425,0.626,21
M,0.509,0.38,0.129,0.83,0.241,0.183,0.284,11
M,0.564,0.452,0.135,0.729,0.336,0.137,0.244,10
I,0.433,0.299,0.098,0.358,0.164,0.067,0.097,8
M,0.58,0.469,0.162,1.133,0.546,0.275,0.268,10
I,0.567,0.429,0.15,0.725,0.319,0.192,0.232,9
F,0.533,0.408,0.141,0.837,0.298,0.188,0.246,13
M,0.629,0.514,0.174,1.503,0.664,0.365,0.423,11
M,0.639,0.485,0.17,1.474,0.589,0.296,0.411,13
I,0.417,0.312,0.107,0.352,0.167,0.069,0.108,8
F,0.481,0.377,0.138,0.563,0.21,0.122,0.191,12
F,0.591,0.458,0.153,1.175,0.453,0.258,0.346,10
F,0.746,0.57,0.171,1.731,0.663,0.198,0.516,10
M,0.581,0.465,0.19,0.946,0.333,0.198,0.34,12
M,0.582,0.45,0.174,1.077,0.48,0.274,0.327,11
I,0.384,0.284,0.134,0.286,0.141,0.06,0.08,8
F,0.553,0.418,0.144,0.814,0.357,0.216,0.188,9
I,0.43,0.347,0.13,0.475,0.204,0.094,0.127,8
I,0.331,0.247,0.095,0.194,0.078,0.058,0.07,8
F,0.468,0.362,1.145,0.59,0.327,0.115,0.127,8
F,0.702,0.534,0.183,1.632,0.89,0.255,0.443,9
I,0.524,0.389,0.139,0.589,0.295,0.122,0.154,9
M,0.697,0.529,0.187,1.63,0.733,0.37,0.429,12
M,0.543,0.452,0.154,0.739,0.336,0.141,0.186,9
I,0.078,0.058,0.01,0.002,0.001,0.0,0.002,1
M,0.606,0.487,0.15,1.187,0.569,0.262,0.263,8
M,0.22,0.149,0.05,0.037,0.015,0.008,0.01,3
I,0.473,0.37,0.103,0.459,0.204,0.113,0.12,8
M,0.529,0.387,0.129,0.643,0.256,0.183,0.168,10
M,0.533,0.411,0.152,0.781,0.314,0.172,0.252,9
M,0.606,0.433,0.157,1.069,0.407,0.206,0.375,15
F,0.644,0.454,0.161,1.115,0.567,0.204,0.236,9
I,0.524,0.392,0.174,0.874,0.361,0.205,0.214,18
F,0.539,0.396,0.132,0.739,0.323,0.15,0.205,9
I,0.648,0.457,0.142,1.059,0.531,0.217,0.267,10
I,0.493,0.38,0.12,0.605,0.236,0.094,0.219,9
I,0.483,0.341,0.112,0.43,0.162,0.08,0.135,7
F,0.529,0.396,0.155,0.734,0.233,0.165,0.277,13
I,0.328,0.219,0.071,0.146,0.051,0.03,0.038,8
I,0.419,0.315,0.113,0.314,0.123,0.074,0.1,7
I,0.515,0.392,0.129,0.524,0.225,0.111,0.162,7
M,0.587,0.445,0.153,1.075,0.39,0.338,0.329,16
M,0.54,0.455,0.148,0.942,0.424,0.162,0.264,10
M,0.468,0.359,0.124,0.521,0.204,0.133,0.179,11
M,0.442,0.337,0.124,0.43,0.17,0.106,0.133,11
I,0.465,0.356,0.102,0.386,0.248,0.034,0.11,6
M,0.426,0.312,0.096,0.287,0.125,0.066,0.094,9
M,0.3,0.254,0.092,0.21,0.063,0.035,0.082,11
F,0.69,0.504,0.214,1.852,0.798,0.388,0.436,13
F,0.531,0.427,0.125,0.982,0.355,0.235,0.27,18
F,0.635,0.454,0.162,1.099,0.463,0.296,0.311,10
I,0.534,0.436,0.124,0.665,0.309,0.125,0.207,8
M,0.309,0.224,0.088,0.145,0.062,0.037,0.046,6
M,0.594,0.485,0.181,1.569,0.526,0.201,0.646,12
F,0.522,0.461,0.157,0.792,0.355,0.165,0.214,9
I,0.268,0.2,0.073,0.092,0.042,0.019,0.031,4
I,0.384,0.269,0.095,0.275,0.145,0.069,0.076,7
I,0.237,0.176,0.059,0.055,0.022,0.014,0.018,6
F,0.52,0.409,0.151,0.806,0.274,0.112,0.303,13
M,0.48,0.372,0.135,0.796,0.248,0.172,0.182,10
I,0.343,0.282,0.089,0.232,0.091,0.039,0.091,8
M,0.457,0.348,0.114,0.499,0.258,0.084,0.122,7
I,0.355,0.269,0.085,0.224,0.107,0.036,0.064,6
I,0.479,0.349,0.11,0.432,0.183,0.091,0.123,7
I,0.386,0.27,0.092,0.14,0.083,0.06,0.058,7
I,0.341,0.252,0.074,0.18,0.092,0.038,0.045,7
I,0.478,0.36,0.115,0.517,0.241,0.101,0.16,10
M,0.628,0.506,0.183,1.379,0.519,0.264,0.593,21
F,0.641,0.572,0.227,1.773,0.558,0.276,0.81,16
M,0.657,0.544,0.195,1.838,0.898,0.332,0.451,11
F,0.652,0.55,0.152,1.409,0.602,0.322,0.408,16
M,0.693,0.53,0.194,1.769,0.711,0.32,0.548,15
I,0.557,0.451,0.149,0.772,0.362,0.172,0.214,11
I,0.505,0.377,0.128,0.57,0.29,0.125,0.175,8
F,0.742,0.524,0.182,1.747,0.825,0.403,0.45,11
I,0.518,0.397,0.136,0.606,0.291,0.109,0.183,8
I,0.618,0.509,0.163,1.144,0.558,0.237,0.293,11
M,0.528,0.4,0.128,0.624,0.265,0.159,0.209,12
F,0.531,0.384,0.172,1.148,0.562,0.283,0.348,10
M,0.427,0.33,0.121,0.389,0.157,0.085,0.117,7
M,0.471,0.408,0.119,0.616,0.244,0.131,0.166,8
I,0.415,0.313,0.114,0.307,0.141,0.078,0.092,8
F,0.533,0.399,0.125,0.671,0.363,0.105,0.198,10
M,0.613,0.46,0.19,1.319,0.455,0.315,0.352,19
I,0.444,0.348,0.117,0.488,0.238,0.087,0.15,9
M,0.744,0.583,0.15,1.147,0.676,0.203,0.282,8
F,0.685,0.568,0.182,1.654,0.891,0.329,0.38,11
I,0.569,0.454,0.122,0.746,0.361,0.154,0.198,9
F,0.454,0.34,0.113,0.399,0.144,0.114,0.117,8
F,0.546,0.474,0.186,1.224,0.336,0.206,0.514,26
F,0.639,0.461,0.135,0.86,0.304,0.174,0.243,13
F,0.567,0.454,0.146,0.993,0.452,0.216,0.217,9
M,0.489,0.389,0.145,0.655,0.235,0.144,0.189,13
F,0.419,0.354,0.109,0.365,0.12,0.082,0.118,11
M,0.41,0.321,0.101,0.381,0.173,0.094,0.106,7
F,0.577,0.466,0.146,0.864,0.327,0.195,0.288,9
I,0.554,0.418,0.128,0.723,0.322,0.151,0.222,9
F,0.673,0.527,0.153,1.609,0.682,0.312,0.448,13
F,0.619,0.507,0.173,1.243,0.569,0.298,0.308,10
F,0.69,0.572,0.228,2.24,0.718,0.462,0.901,17
I,0.478,0.354,0.125,0.515,0.195,0.127,0.139,7
M,0.583,0.44,0.141,1.031,0.521,0.225,0.23,8
F,0.709,0.547,0.176,1.787,0.542,0.316,0.555,16
M,0.563,0.43,0.191,0.657,0.296,0.163,0.373,10
M,0.646,0.54,0.241,1.54,0.667,0.386,0.415,16
I,0.42,0.337,0.114,0.442,0.175,0.08,0.117,7
F,0.557,0.45,0.152,0.756,0.301,0.228,0.229,11
I,0.543,0.398,0.139,0.635,0.26,0.107,0.216,9
F,0.551,0.431,0.175,0.9,0.289,0.193,0.275,10
M,0.626,0.462,0.152,1.079,0.471,0.237,0.295,9
F,0.562,0.471,0.129,0.907,0.335,0.131,0.381,21
F,0.525,0.426,0.128,0.655,0.271,0.124,0.224,9
I,0.353,0.267,0.098,0.183,0.076,0.039,0.058,6
F,0.629,0.513,0.159,1.06,0.506,0.241,0.267,9
M,0.562,0.458,0.149,1.134,0.405,0.215,0.446,15
M,0.5,0.345,0.103,0.458,0.187,0.099,0.12,8
M,0.671,0.537,0.193,1.424,0.42,0.314,0.455,16
F,0.58,0.451,0.167,0.883,0.304,0.192,0.314,18
M,0.58,0.462,0.157,1.12,0.497,0.268,0.299,9
I,0.488,0.388,0.116,0.573,0.275,0.115,0.173,9
M,0.728,0.559,0.192,1.615,0.776,0.378,0.493,10
I,0.336,0.255,0.098,0.172,0.07,0.04,0.064,7
F,0.624,0.502,0.173,1.081,0.428,0.206,0.362,8
F,0.624,0.457,0.16,1.202,0.579,0.237,0.317,12
F,0.631,0.503,0.203,1.441,0.711,0.363,0.36,11
I,0.451,0.323,0.114,0.426,0.206,0.091,0.105,8
I,0.337,0.245,0.076,0.18,0.081,0.04,0.05,7
F,0.637,0.504,0.199,1.317,0.472,0.252,0.488,15
I,0.267,0.211,0.082,0.122,0.052,0.037,0.043,9
M,0.485,0.389,0.105,0.539,0.289,0.108,0.129,7
I,0.529,0.362,0.11,0.506,0.207,0.109,0.172,8
F,0.556,0.423,0.121,0.928,0.392,0.182,0.28,8
I,0.503,0.359,0.103,0.574,0.236,0.125,0.171,7
I,0.407,0.308,0.113,0.298,0.138,0.068,0.078,6
M,0.627,0.468,0.191,1.295,0.508,0.23,0.472,18
F,0.614,0.461,0.162,1.165,0.503,0.263,0.348,9
I,0.542,0.462,0.176,0.752,0.304,0.157,0.287,11
F,0.576,0.442,0.146,1.021,0.488,0.201,0.244,9
F,0.611,0.498,0.205,1.068,0.439,0.229,0.378,16
I,0.594,0.466,0.163,0.852,0.354,0.208,0.272,8
F,0.563,0.448,0.185,0.939,0.296,0.175,0.261,12
F,0.597,0.469,0.168,1.231,0.532,0.293,0.368,10
I,0.535,0.415,0.136,0.661,0.249,0.135,0.254,9
F,0.737,0.547,0.179,1.807,0.896,0.391,0.498,12
I,0.281,0.203,0.064,0.088,0.034,0.019,0.031,7
F,0.628,0.501,0.172,1.116,0.519,0.293,0.292,10
F,0.64,0.538,0.178,1.386,0.612,0.283,0.335,10
F,0.672,0.536,0.194,1.454,0.869,0.299,0.402,11
F,0.594,0.463,0.195,1.316,0.475,0.338,0.385,12
F,0.716,0.554,0.214,1.814,0.811,0.431,0.506,19
M,0.651,0.53,0.166,1.222,0.466,0.287,0.396,14
M,0.556,0.464,0.139,0.932,0.465,0.164,0.254,8
I,0.439,0.385,0.118,0.521,0.232,0.107,0.123,6
M,0.599,0.486,0.171,1.35,0.659,0.251,0.37,10
I,0.622,0.473,0.159,1.289,0.57,0.28,0.364,14
F,0.63,0.469,0.174,1.135,0.493,0.247,0.305,10
F,0.61,0.497,0.169,1.032,0.459,0.228,0.299,11
F,0.435,0.383,0.105,0.47,0.206,0.131,0.131,9
M,0.687,0.56,0.155,1.362,0.593,0.255,0.488,14
F,0.5,0.38,0.118,0.602,0.283,0.111,0.141,7
F,0.577,0.444,0.155,0.675,0.259,0.125,0.224,8
M,0.498,0.368,0.123,0.536,0.245,0.126,0.183,10
M,0.609,0.523,0.189,1.28,0.596,0.258,0.317,9
I,0.446,0.341,0.102,0.46,0.24,0.147,0.123,7
I,0.519,0.397,0.127,0.648,0.283,0.104,0.199,11
F,0.53,0.441,0.171,0.752,0.287,0.189,0.263,11
M,0.487,0.415,0.16,0.801,0.242,0.213,0.299,13
I,0.546,0.437,0.129,0.737,0.342,0.184,0.205,10
M,0.761,0.591,0.169,1.818,0.915,0.384,0.492,11
M,0.623,0.464,0.151,1.312,0.609,0.427,0.322,9
I,0.439,0.329,0.107,0.452,0.241,0.085,0.113,7
F,0.465,0.334,0.125,0.501,0.191,0.104,0.157,19
I,0.493,0.372,0.134,0.601,0.244,0.128,0.176,12
I,0.498,0.378,0.139,0.511,0.184,0.094,0.189,8
F,0.572,0.502,0.171,1.216,0.496,0.268,0.357,8
M,0.493,0.404,0.137,0.798,0.288,0.218,0.241,17
M,0.564,0.434,0.135,0.817,0.375,0.177,0.228,10
M,0.603,0.47,0.148,1.119,0.533,0.243,0.266,8
M,0.597,0.453,0.183,0.977,0.487,0.212,0.276,9
I,0.224,0.167,0.062,0.053,0.019,0.015,0.036,4
M,0.479,0.366,0.132,0.572,0.298,0.108,0.147,9
M,0.408,0.314,0.122,0.354,0.146,0.091,0.12,11
F,0.607,0.487,0.176,1.105,0.469,0.243,0.347,10
F,0.636,0.495,0.156,1.196,0.601,0.31,0.334,12
M,0.355,0.272,0.091,0.231,0.1,0.055,0.068,6
I,0.369,0.278,0.093,0.249,0.106,0.056,0.073,6
M,0.665,0.523,0.161,1.159,0.524,0.273,0.346,11
I,0.602,0.462,0.137,0.787,0.337,0.18,0.236,9
M,0.689,0.595,0.215,2.094,0.777,0.496,0.591,19
I,0.411,0.306,0.087,0.277,0.137,0.065,0.076,6
I,0.384,0.297,0.098,0.311,0.134,0.058,0.095,6
I,0.579,0.436,0.136,0.793,0.353,0.174,0.256,10
M,0.565,0.448,0.158,1.235,0.554,0.258,0.303,10
M,0.448,0.383,0.138,0.553,0.217,0.137,0.174,11
F,0.604,0.443,0.163,1.072,0.445,0.23,0.258,10
F,0.445,0.339,0.146,0.446,0.184,0.12,0.146,11
F,0.643,0.53,0.174,1.413,0.625,0.297,0.428,20
F,0.459,0.375,0.106,0.479,0.2,0.093,0.154,9
M,0.51,0.389,0.144,0.726,0.275,0.221,0.18,12
M,0.673,0.507,0.184,1.411,0.651,0.316,0.379,9
I,0.378,0.298,0.097,0.22,0.112,0.053,0.066,8
M,0.379,0.303,0.095,0.245,0.101,0.05,0.079,11
I,0.573,0.475,0.148,1.012,0.455,0.202,0.271,10
M,0.549,0.441,0.164,0.984,0.483,0.184,0.226,8
F,0.517,0.382,0.138,0.62,0.201,0.142,0.218,14
I,0.346,0.284,0.075,0.2,0.079,0.04,0.062,8
I,0.306,0.22,0.049,0.15,0.067,0.039,0.046,6
I,0.425,0.33,0.096,0.268,0.112,0.033,0.114,7
M,0.589,0.449,0.157,0.957,0.338,0.223,0.262,12
I,0.538,0.385,0.148,0.761,0.307,0.188,0.21,11
M,0.661,0.536,0.16,1.369,0.593,0.284,0.381,9
M,0.617,0.474,0.141,0.844,0.418,0.22,0.219,9
M,0.729,0.532,0.181,1.533,0.59,0.355,0.505,15
M,0.735,0.529,0.162,1.96,0.786,0.257,0.818,17
I,0.527,0.377,0.131,0.617,0.299,0.111,0.183,8
M,0.182,0.124,0.05,0.023,0.008,0.005,0.01,3
M,0.504,0.407,0.126,0.638,0.28,0.16,0.176,9
F,0.72,0.538,0.171,1.821,0.878,0.35,0.526,9
F,0.639,0.498,0.148,1.476,0.595,0.295,0.315,12
M,0.552,0.456,0.151,0.941,0.502,0.214,0.24,9
M,0.449,0.364,0.115,0.45,0.195,0.113,0.136,8
M,0.518,0.423,0.166,0.998,0.332,0.279,0.323,18
F,0.607,0.505,0.175,1.067,0.391,0.22,0.328,11
I,0.419,0.347,0.096,0.388,0.176,0.082,0.097,7
I,0.5,0.316,0.1,0.462,0.169,0.097,0.154,7
I,0.534,0.393,0.12,0.632,0.331,0.172,0.146,7
I,0.57,0.491,0.175,0.905,0.397,0.217,0.284,8
M,0.4,0.293,0.12,0.287,0.116,0.058,0.074,9
I,0.485,0.418,0.15,0.674,0.325,0.138,0.204,8
M,0.507,0.378,0.106,0.561,0.304,0.103,0.151,8
M,0.459,0.342,0.126,0.525,0.215,0.123,0.173,10
I,0.487,0.38,0.098,0.458,0.226,0.085,0.135,8
F,0.546,0.475,0.184,0.995,0.38,0.208,0.288,17
M,0.466,0.39,0.147,0.67,0.282,0.134,0.154,6
M,0.522,0.395,0.131,0.774,0.436,0.187,0.152,7
F,0.607,0.48,0.147,1.178,0.6,0.27,0.302,8
M,0.433,0.355,0.108,0.417,0.169,0.094,0.136,7
M,0.54,0.413,0.144,0.629,0.228,0.162,0.234,13
I,0.402,0.308,0.102,0.356,0.159,0.082,0.089,6
M,0.582,0.452,0.186,1.184,0.495,0.305,0.299,8
M,0.662,0.546,0.18,1.293,0.5,0.258,0.433,17
M,0.63,0.53,0.188,1.588,0.743,0.364,0.395,9
F,0.448,0.359,0.12,0.429,0.183,0.102,0.134,8
F,0.607,0.478,0.182,1.404,0.706,0.267,0.367,10
F,0.642,0.519,0.173,1.243,0.52,0.274,0.403,10
M,0.537,0.412,0.122,0.787,0.394,0.153,0.183,8
F,0.587,0.519,0.165,1.359,0.605,0.296,0.341,10
M,0.754,0.517,0.176,2.038,1.04,0.438,0.458,12
F,0.505,0.418,0.178,0.808,0.254,0.171,0.278,16
I,0.224,0.158,0.05,0.051,0.021,0.01,0.015,4
F,0.627,0.484,0.162,1.085,0.472,0.258,0.268,10
F,0.69,0.545,0.187,1.52,0.639,0.367,0.484,22
M,0.673,0.521,0.155,1.275,0.533,0.283,0.394,11
F,0.744,0.608,0.195,2.041,0.863,0.455,0.607,18
I,0.381,0.28,0.132,0.234,0.108,0.044,0.077,7
I,0.339,0.24,0.077,0.172,0.071,0.043,0.048,6
I,0.365,0.276,0.082,0.239,0.09,0.054,0.071,6
I,0.393,0.286,0.098,0.282,0.117,0.063,0.086,8
M,0.561,0.428,0.148,0.935,0.359,0.128,0.352,11
I,0.204,0.147,0.046,0.039,0.014,0.008,0.011,4
F,0.57,0.42,0.15,0.887,0.397,0.222,0.235,9
M,0.594,0.478,0.165,0.939,0.318,0.203,0.32,11
M,0.641,0.56,0.2,1.185,0.517,0.265,0.342,11
F,0.715,0.543,0.183,1.754,0.803,0.401,0.49,10
F,0.537,0.428,0.121,0.871,0.301,0.176,0.228,11
M,0.517,0.421,0.135,0.806,0.261,0.228,0.237,13
M,0.597,0.513,0.124,1.038,0.589,0.195,0.239,8
M,0.412,0.335,0.137,0.403,0.124,0.067,0.146,14
I,0.547,0.438,0.143,0.798,0.349,0.17,0.223,9
M,0.619,0.456,0.206,1.317,0.625,0.29,0.354,11
I,0.175,0.129,0.055,0.024,0.009,0.006,0.008,6
F,0.383,0.298,0.102,0.281,0.117,0.06,0.084,9
F,0.557,0.445,0.131,0.948,0.369,0.209,0.329,9
F,0.745,0.59,0.187,1.564,0.803,0.356,0.426,9
I,0.445,0.335,0.111,0.433,0.206,0.085,0.118,8
F,0.673,0.512,0.166,1.342,0.576,0.281,0.447,11
F,0.461,0.361,0.124,0.387,0.166,0.061,0.13,9
I,0.543,0.436,0.147,0.787,0.304,0.162,0.266,11
F,0.573,0.482,0.151,0.893,0.371,0.191,0.294,10
I,0.525,0.452,0.166,0.822,0.347,0.192,0.25,8
M,0.454,0.335,0.12,0.497,0.248,0.12,0.133,8
M,0.481,0.368,0.078,0.507,0.191,0.122,0.159,11
I,0.551,0.441,0.141,0.778,0.313,0.148,0.223,10
F,0.471,0.337,0.13,0.556,0.236,0.13,0.148,13
I,0.497,0.388,0.119,0.465,0.186,0.099,0.155,9
M,0.516,0.42,0.143,0.752,0.245,0.16,0.303,13
M,0.677,0.542,0.155,1.537,0.647,0.299,0.436,14
F,0.519,0.425,0.162,1.138,0.388,0.221,0.339,15
F,0.613,0.471,0.161,1.045,0.5,0.196,0.288,12
I,0.481,0.382,0.109,0.533,0.278,0.111,0.145,9
M,0.644,0.537,0.191,1.471,0.69,0.263,0.417,9
I,0.567,0.441,0.15,0.817,0.363,0.171,0.233,9
I,0.448,0.342,0.109,0.385,0.172,0.085,0.11,7
M,0.533,0.456,0.146,0.775,0.362,0.163,0.223,8
I,0.364,0.277,0.095,0.296,0.119,0.061,0.081,6
M,0.642,0.463,0.182,1.482,0.749,0.298,0.332,9
F,0.681,0.558,0.195,1.697,0.69,0.386,0.614,20
M,0.572,0.471,0.143,0.872,0.383,0.171,0.261,9
I,0.238,0.182,0.039,0.073,0.032,0.015,0.019,5
I,0.272,0.197,0.07,0.101,0.046,0.014,0.035,8
M,0.618,0.473,0.154,1.122,0.559,0.24,0.3,9
F,0.631,0.504,0.161,1.1,0.472,0.217,0.326,12
M,0.54,0.474,0.134,1.01,0.412,0.247,0.266,10
I,0.551,0.407,0.128,0.596,0.267,0.142,0.164,9
M,0.607,0.511,0.175,1.157,0.596,0.215,0.277,9
F,0.64,0.469,0.166,1.281,0.536,0.305,0.338,11
F,0.687,0.533,0.203,1.556,0.723,0.31,0.396,12
F,0.468,0.395,0.141,0.532,0.188,0.136,0.148,12
F,0.603,0.517,0.162,1.072,0.522,0.198,0.308,9
M,0.349,0.263,0.094,0.2,0.077,0.037,0.067,9
F,0.446,0.353,0.112,0.383,0.157,0.095,0.114,8
I,0.606,0.462,0.147,0.853,0.407,0.17,0.228,10
I,0.558,0.48,0.157,1.049,0.503,0.24,0.289,10
I,0.264,0.205,0.062,0.101,0.043,0.023,0.029,5
I,0.541,0.455,0.148,0.823,0.383,0.189,0.244,10
I,0.41,0.33,0.102,0.297,0.119,0.083,0.102,6
M,0.517,0.394,0.135,0.787,0.373,0.165,0.244,9
F,0.627,0.487,0.188,1.343,0.632,0.289,0.387,11
F,0.464,0.383,0.143,0.57,0.229,0.116,0.189,13
I,0.625,0.463,0.129,0.967,0.443,0.193,0.266,9
M,0.644,0.506,0.157,1.209,0.633,0.241,0.277,9
F,0.564,0.482,0.16,0.917,0.403,0.19,0.249,11
M,0.263,0.19,0.063,0.082,0.034,0.01,0.029,7
I,0.297,0.205,0.069,0.109,0.051,0.021,0.028,6
M,0.575,0.439,0.157,0.997,0.356,0.253,0.304,12
I,0.314,0.22,0.094,0.133,0.058,0.037,0.036,6
F,0.671,0.522,0.168,1.184,0.481,0.216,0.379,12
F,0.587,0.42,0.156,0.795,0.356,0.188,0.265,9
M,0.532,0.415,0.154,0.838,0.368,0.185,0.265,10
F,0.387,0.316,0.106,0.342,0.156,0.066,0.115,9
M,0.621,0.453,0.148,1.013,0.367,0.21,0.302,10
I,0.344,0.253,0.077,0.196,0.09,0.04,0.059,7
I,0.489,0.382,0.124,0.51,0.25,0.113,0.151,8
I,0.326,0.262,0.093,0.173,0.068,0.027,0.062,6
M,0.296,0.232,0.08,0.13,0.056,0.025,0.051,7
F,0.594,0.465,0.176,0.98,0.391,0.248,0.299,10
F,0.596,0.467,0.148,1.109,0.416,0.243,0.311,12
F,0.689,0.539,0.177,1.271,0.5,0.268,0.452,12
M,0.497,0.381,0.134,0.653,0.197,0.122,0.254,14
I,0.445,0.325,0.078,0.348,0.153,0.061,0.105,9
F,0.457,0.368,0.136,0.469,0.198,0.1,0.125,13
I,0.405,0.374,0.102,0.332,0.133,0.079,0.098,10
M,0.541,0.421,0.128,0.973,0.374,0.247,0.295,14
M,0.617,0.481,0.166,1.146,0.474,0.213,0.364,11
I,0.515,0.359,0.122,0.526,0.249,0.102,0.158,8
F,0.673,0.518,0.153,1.565,0.575,0.255,0.489,16
I,0.356,0.272,0.093,0.235,0.129,0.043,0.06,6
F,0.495,0.4,0.152,0.61,0.255,0.129,0.183,12
F,0.591,0.484,0.155,0.963,0.379,0.224,0.281,12
M,0.513,0.362,0.129,0.755,0.292,0.169,0.21,13
I,0.472,0.351,0.125,0.55,0.268,0.104,0.151,7
M,0.674,0.519,0.187,1.802,0.555,0.318,0.43,11
I,0.573,0.427,0.151,0.934,0.479,0.181,0.213,9
F,0.541,0.429,0.141,0.816,0.387,0.166,0.211,11
I,0.356,0.289,0.086,0.228,0.096,0.06,0.154,8
F,0.492,0.39,0.129,0.704,0.362,0.161,0.166,9
M,0.704,0.549,0.175,1.738,0.717,0.401,0.483,12
F,0.482,0.368,0.122,0.565,0.277,0.095,0.146,8
M,0.508,0.425,0.129,0.708,0.355,0.152,0.176,9
I,0.299,0.224,0.072,0.132,0.051,0.029,0.036,6
I,0.565,0.439,0.146,0.859,0.34,0.146,0.294,10
M,0.58,0.484,0.135,1.06,0.527,0.218,0.29,11
M,0.434,0.335,0.108,0.406,0.13,0.092,0.17,10
I,0.467,0.316,0.119,0.351,0.121,0.086,0.1,12
I,0.534,0.416,0.142,0.653,0.284,0.092,0.224,8
M,0.419,0.354,0.128,0.541,0.21,0.118,0.16,10
F,0.606,0.468,0.196,1.151,0.499,0.281,0.314,13
F,0.735,0.55,0.183,1.468,0.637,0.318,0.439,7
M,0.637,0.542,0.198,1.319,0.582,0.279,0.41,12
I,0.409,0.289,0.1,0.354,0.14,0.078,0.121,8
I,0.392,0.293,0.094,0.32,0.172,0.055,0.091,7
I,0.398,0.3,0.093,0.319,0.157,0.061,0.095,6
F,0.582,0.446,0.148,1.0,0.398,0.278,0.289,11
F,0.59,0.471,0.173,1.082,0.393,0.201,0.345,11
I,0.282,0.209,0.065,0.096,0.042,0.021,0.031,5
F,0.586,0.425,0.145,0.931,0.396,0.188,0.249,8
I,0.228,0.18,0.065,0.067,0.027,0.01,0.021,5
M,0.61,0.515,0.174,1.346,0.624,0.263,0.363,11
F,0.577,0.483,0.158,1.07,0.434,0.271,0.33,14
F,0.635,0.464,0.158,1.096,0.451,0.22,0.349,9
F,0.584,0.465,0.148,1.019,0.467,0.215,0.264,15
M,0.562,0.485,0.154,1.223,0.657,0.239,0.285,10
F,0.661,0.521,0.171,1.337,0.556,0.34,0.408,10
M,0.527,0.481,0.15,0.907,0.47,0.204,0.257,8
I,0.455,0.36,0.124,0.506,0.235,0.111,0.123,7
F,0.567,0.476,0.159,0.977,0.429,0.267,0.246,8
M,0.709,0.572,0.162,1.657,0.774,0.428,0.389,10
I,0.566,0.435,0.135,0.622,0.242,0.12,0.244,9
I,0.241,0.17,0.067,0.061,0.021,0.02,0.019,6
F,0.634,0.522,0.186,1.495,0.551,0.277,0.462,17
F,0.74,0.595,0.209,2.014,0.875,0.504,0.481,12
M,0.699,0.521,0.19,1.557,0.532,0.339,0.561,24
I,0.482,0.389,0.117,0.6,0.304,0.117,0.144,8
I,0.291,0.212,0.072,0.122,0.051,0.028,0.029,6
I,0.455,0.318,0.109,0.511,0.269,0.123,0.11,8
F,0.686,0.52,0.199,1.333,0.481,0.304,0.399,17
M,0.658,0.565,0.178,1.753,0.658,0.407,0.51,11
M,0.783,0.603,0.202,2.253,1.095,0.427,0.627,12
F,0.554,0.412,0.144,0.88,0.451,0.159,0.214,10
I,0.43,0.336,0.096,0.359,0.162,0.063,0.12,7
I,0.362,0.267,0.072,0.21,0.095,0.044,0.065,7
M,0.66,0.519,0.181,1.333,0.5,0.29,0.393,13
M,0.667,0.517,0.173,1.54,0.661,0.376,0.382,15
I,0.483,0.392,0.121,0.52,0.24,0.115,0.139,7
M,0.631,0.461,0.157,1.105,0.553,0.223,0.307,12
F,0.519,0.4,0.11,0.699,0.301,0.139,0.188,12
F,0.586,0.441,0.119,0.896,0.322,0.218,0.283,12
I,0.609,0.483,0.135,0.831,0.35,0.191,0.242,8
M,0.496,0.38,0.131,0.532,0.236,0.13,0.155,9
M,0.63,0.535,0.185,1.21,0.493,0.231,0.436,19
F,0.631,0.465,0.162,0.973,0.428,0.231,0.313,12
F,0.614,0.468,0.168,1.077,0.54,0.247,0.269,8
I,0.161,0.122,0.052,0.022,0.007,0.005,0.014,3
M,0.605,0.516,0.21,1.439,0.476,0.297,0.417,21
F,0.583,0.444,0.153,0.934,0.342,0.186,0.321,12
M,0.348,0.254,0.078,0.229,0.085,0.038,0.081,6
M,0.552,0.449,0.115,0.845,0.419,0.148,0.248,8
F,0.597,0.493,0.169,0.995,0.437,0.277,0.307,14
I,0.511,0.406,0.135,0.591,0.191,0.146,0.188,12
F,0.717,0.568,0.174,1.729,0.853,0.423,0.394,11
I,0.268,0.204,0.06,0.07,0.027,0.023,0.029,5
M,0.449,0.363,0.112,0.476,0.196,0.091,0.128,9
I,0.431,0.31,0.105,0.344,0.175,0.045,0.098,7
F,0.659,0.477,0.172,1.21,0.499,0.356,0.295,9
M,0.664,0.525,0.193,1.604,0.681,0.394,0.451,13
I,0.215,0.149,0.057,0.047,0.02,0.007,0.012,4
M,0.48,0.394,0.12,0.495,0.201,0.078,0.177,12
M,0.594,0.482,0.155,0.929,0.431,0.175,0.266,9
M,0.659,0.497,0.145,0.989,0.422,0.227,0.308,12
I,0.583,0.445,0.156,0.826,0.372,0.183,0.238,8
I,0.338,0.248,0.096,0.186,0.077,0.052,0.057,8
I,0.351,0.257,0.078,0.204,0.314,0.045,0.06,7
F,0.543,0.414,0.181,0.968,0.265,0.207,0.379,18
I,0.318,0.239,0.082,0.175,0.079,0.025,0.051,6
M,0.554,0.44,0.147,0.965,0.384,0.233,0.285,11
M,0.657,0.514,0.187,1.444,0.569,0.314,0.429,19
M,0.453,0.343,0.113,0.598,0.298,0.144,0.123,7
F,0.515,0.374,0.117,0.607,0.273,0.116,0.166,10
I,0.446,0.343,0.104,0.368,0.176,0.086,0.097,8
I,0.425,0.294,0.093,0.342,0.156,0.074,0.099,7
I,0.595,0.452,0.13,0.681,0.306,0.137,0.237,9
M,0.671,0.522,0.17,1.599,0.723,0.355,0.404,8
F,0.622,0.54,0.147,1.191,0.534,0.197,0.368,10
M,0.637,0.575,0.209,2.11,0.943,0.327,0.627,18
F,0.566,0.493,0.165,1.048,0.53,0.22,0.316,9
I,0.498,0.352,0.137,0.445,0.182,0.091,0.221,8
F,0.697,0.522,0.171,1.554,0.708,0.359,0.368,10
I,0.253,0.168,0.061,0.061,0.028,0.008,0.02,4
F,0.617,0.495,0.178,1.162,0.5,0.289,0.341,12
M,0.486,0.373,0.119,0.428,0.176,0.078,0.143,8
M,0.618,0.457,0.145,0.892,0.357,0.233,0.277,12
F,0.54,0.422,0.125,0.653,0.273,0.14,0.186,11
M,0.18,0.122,0.038,0.025,0.01,0.006,0.005,4
F,0.49,0.358,0.107,0.512,0.163,0.11,0.188,16
F,0.499,0.419,0.138,0.648,0.251,0.172,0.227,8
I,0.432,0.359,0.115,0.491,0.203,0.106,0.159,14
M,0.388,0.28,0.099,0.263,0.104,0.057,0.078,8
F,0.559,0.461,0.177,1.146,0.544,0.248,0.281,8
I,0.294,0.224,0.069,0.138,0.055,0.031,0.035,6
I,0.498,0.371,0.119,0.474,0.213,0.108,0.131,8
F,0.575,0.395,0.173,1.144,0.494,0.293,0.326,9
I,0.481,0.354,0.11,0.499,0.216,0.117,0.146,15
I,0.469,0.345,0.093,0.451,0.207,0.076,0.122,9
M,0.475,0.402,0.125,0.55,0.223,0.139,0.167,8
F,0.645,0.506,0.181,1.325,0.507,0.309,0.426,12
M,0.699,0.593,0.175,1.977,0.784,0.437,0.411,10
M,0.624,0.464,0.195,1.096,0.401,0.26,0.327,13
F,0.469,0.387,0.12,0.479,0.172,0.107,0.149,7
F,0.48,0.353,0.11,0.39,0.163,0.107,0.126,8
F,0.542,0.409,0.157,0.827,0.28,0.174,0.291,11
I,0.607,0.514,0.185,1.395,0.604,0.253,0.453,17
I,0.423,0.322,0.114,0.364,0.162,0.085,0.109,7
F,0.517,0.413,0.149,0.711,0.339,0.178,0.199,9
M,0.563,0.409,0.161,0.945,0.363,0.169,0.273,11
M,0.551,0.44,0.153,1.062,0.463,0.222,0.275,8
F,0.673,0.531,0.197,1.747,0.732,0.389,0.504,11
F,0.534,0.469,0.137,0.825,0.319,0.179,0.254,13
M,0.593,0.444,0.163,1.015,0.434,0.22,0.311,9
F,0.606,0.467,0.209,1.324,0.619,0.298,0.356,9
I,0.399,0.315,0.089,0.27,0.125,0.064,0.084,6
M,0.718,0.579,0.193,1.751,0.924,0.375,0.465,10
I,0.499,0.368,0.119,0.508,0.247,0.113,0.133,8
M,0.661,0.528,0.176,1.492,0.671,0.297,0.409,12
F,0.403,0.314,0.103,0.275,0.11,0.059,0.078,6
F,0.452,0.37,0.101,0.488,0.164,0.09,0.145,8
I,0.396,0.315,0.104,0.35,0.155,0.076,0.105,7
M,0.198,0.145,0.058,0.037,0.014,0.008,0.01,5
M,0.433,0.357,0.124,0.478,0.216,0.097,0.156,9
M,0.652,0.534,0.13,1.146,0.54,0.276,0.314,9
I,0.53,0.388,0.125,0.587,0.228,0.144,0.173,8
F,0.779,0.648,0.248,2.16,0.888,0.412,0.81,14
F,0.508,0.438,0.177,0.803,0.395,0.203,0.151,6
F,0.649,0.535,0.191,1.341,0.623,0.236,0.399,10
I,0.466,0.347,0.116,0.478,0.192,0.106,0.163,11
F,0.617,0.493,0.171,0.97,0.444,0.192,0.267,11
M,0.636,0.497,0.151,1.026,0.453,0.185,0.35,9
M,0.542,0.413,0.156,0.898,0.444,0.194,0.229,8
M,0.504,0.368,0.134,0.636,0.344,0.119,0.136,8
M,0.459,0.35,0.104,0.409,0.181,0.11,0.13,7
I,0.449,0.371,0.119,0.403,0.151,0.076,0.157,9
F,0.506,0.389,0.151,0.681,0.241,0.142,0.212,18
M,0.597,0.47,0.175,1.14,0.384,0.245,0.385,13
M,0.477,0.343,0.123,0.472,0.175,0.15,0.165,11
I,0.579,0.467,0.169,0.82,0.334,0.174,0.268,9
F,0.531,0.396,0.177,0.825,0.303,0.152,0.286,14
M,0.66,0.538,0.179,1.488,0.671,0.337,0.374,11
I,0.413,0.338,0.125,0.387,0.134,0.059,0.148,14
F,0.666,0.524,0.178,1.805,0.75,0.382,0.491,15
I,0.308,0.231,0.081,0.156,0.065,0.048,0.04,5
M,0.589,0.476,0.156,0.978,0.432,0.232,0.349,12
I,0.291,0.215,0.067,0.1,0.037,0.022,0.029,6
M,0.668,0.524,0.163,1.376,0.617,0.307,0.393,18
I,0.548,0.395,0.112,0.646,0.288,0.155,0.168,10
M,0.568,0.415,0.144,1.259,0.449,0.196,0.318,14
M,0.578,0.413,0.195,0.787,0.292,0.188,0.29,14
M,0.789,0.583,0.215,2.668,1.254,0.551,0.684,11
I,0.238,0.178,0.047,0.067,0.032,0.024,0.019,5
M,0.602,0.468,0.129,0.839,0.339,0.197,0.239,10
M,0.431,0.324,0.116,0.364,0.17,0.068,0.126,8
F,0.555,0.41,0.14,0.876,0.389,0.225,0.196,8
I,0.364,0.293,0.103,0.254,0.105,0.053,0.084,10
F,0.623,0.483,0.159,1.231,0.536,0.268,0.299,9
F,0.459,0.387,0.123,0.512,0.218,0.117,0.163,10
F,0.66,0.495,0.192,1.189,0.465,0.296,0.35,14
F,0.514,0.418,0.168,0.924,0.352,0.195,0.283,9
F,0.542,0.441,0.143,0.807,0.395,0.187,0.213,9
I,0.435,0.34,0.096,0.324,0.114,0.066,0.123,7
F,0.498,0.385,0.17,0.707,0.271,0.162,0.25,9
M,0.358,0.246,0.089,0.21,0.09,0.028,0.063,9
M,0.666,0.479,0.185,1.18,0.487,0.273,0.34,10
M,0.525,0.418,0.148,0.725,0.284,0.162,0.204,11
F,0.603,0.427,0.161,1.033,0.346,0.163,0.426,21
M,0.645,0.501,0.172,1.179,0.426,0.228,0.419,12
F,0.517,0.419,0.133,0.637,0.276,0.126,0.186,16
M,0.593,0.427,0.156,1.139,0.487,0.237,0.261,13
F,0.443,0.34,0.112,0.435,0.154,0.09,0.135,10
M,0.641,0.505,0.179,1.398,0.649,0.278,0.379,11
F,0.421,0.328,0.129,0.416,0.16,0.104,0.123,10
I,0.52,0.402,0.11,0.618,0.287,0.132,0.182,8
M,0.758,0.568,0.197,2.581,1.049,0.478,0.746,15
I,0.31,0.253,0.072,0.158,0.068,0.039,0.046,7
M,0.551,0.427,0.171,0.882,0.377,0.182,0.277,10
M,0.53,0.411,0.13,0.567,0.281,0.133,0.182,12
M,0.585,0.423,0.193,1.004,0.316,0.143,0.397,13
M,0.505,0.411,0.167,0.888,0.278,0.191,0.202,12
M,0.564,0.447,0.156,0.95,0.383,0.195,0.293,8
I,0.589,0.491,0.146,1.223,0.603,0.235,0.334,11
F,0.601,0.5,0.174,1.147,0.544,0.245,0.291,10
F,0.395,0.338,0.11,0.329,0.144,0.075,0.107,9
I,0.585,0.447,0.14,0.829,0.389,0.146,0.255,8
F,0.663,0.473,0.167,1.197,0.49,0.285,0.323,8
M,0.594,0.509,0.182,1.247,0.62,0.267,0.31,9
M,0.642,0.487,0.181,1.687,0.633,0.355,0.484,14
M,0.433,0.338,0.105,0.43,0.176,0.108,0.152,10
I,0.429,0.35,0.095,0.352,0.122,0.086,0.126,13
F,0.43,0.353,0.125,0.444,0.191,0.101,0.131,11
F,0.601,0.414,0.183,1.021,0.394,0.251,0.264,10
F,0.552,0.437,0.144,0.727,0.364,0.176,0.235,9
F,0.471,0.376,0.13,0.565,0.243,0.173,0.156,10
M,0.657,0.558,0.181,1.488,0.761,0.297,0.357,10
F,0.626,0.498,0.174,1.358,0.647,0.33,0.316,9
F,0.721,0.564,0.167,1.831,0.876,0.448,0.456,11
F,0.351,0.252,0.087,0.191,0.074,0.04,0.06,7
I,0.46,0.342,0.109,0.46,0.196,0.076,0.145,9
F,0.531,0.454,0.136,0.992,0.248,0.231,0.296,18
M,0.542,0.44,0.148,0.902,0.383,0.202,0.257,9
M,0.495,0.414,0.127,0.63,0.251,0.15,0.21,14
I,0.295,0.223,0.077,0.127,0.05,0.031,0.042,9
M,0.633,0.508,0.169,1.335,0.629,0.24,0.393,11
F,0.716,0.542,0.204,1.827,0.862,0.382,0.447,11
M,0.363,0.275,0.106,0.295,0.117,0.063,0.092,8
F,0.515,0.474,0.172,0.956,0.322,0.269,0.284,11
F,0.584,0.443,0.155,1.085,0.42,0.309,0.294,9
I,0.387,0.311,0.092,0.264,0.095,0.057,0.089,14
M,0.48,0.378,0.156,0.594,0.233,0.122,0.167,20
I,0.342,0.268,0.115,0.215,0.084,0.053,0.072,7
F,0.632,0.485,0.219,1.473,0.43,0.238,0.514,24
M,0.49,0.342,0.164,0.471,0.222,0.107,0.234,8
I,0.192,0.148,0.038,0.047,0.021,0.007,0.007,4
I,0.448,0.344,0.108,0.395,0.175,0.09,0.129,9
M,0.645,0.478,0.136,1.182,0.606,0.227,0.318,8
M,0.693,0.562,0.182,1.87,0.868,0.41,0.489,10
I,0.48,0.384,0.112,0.408,0.153,0.097,0.147,9
F,0.585,0.437,0.134,1.016,0.435,0.255,0.312,10
M,0.619,0.5,0.179,1.07,0.472,0.231,0.369,12
M,0.529,0.403,0.134,0.716,0.365,0.152,0.175,8
I,0.288,0.208,0.07,0.094,0.035,0.019,0.035,8
I,0.381,0.306,0.088,0.337,0.189,0.068,0.076,7
F,0.657,0.541,0.202,1.457,0.646,0.334,0.398,9
I,0.436,0.308,0.114,0.395,0.164,0.089,0.112,9
M,0.547,0.444,0.129,1.004,0.449,0.221,0.231,10
I,0.365,0.274,0.085,0.173,0.08,0.034,0.057,6
F,0.696,0.534,0.209,2.037,0.651,0.317,0.695,23
M,0.533,0.456,0.158,0.867,0.272,0.172,0.309,10
M,0.616,0.43,0.209,0.836,0.434,0.145,0.252,8
F,0.509,0.439,0.161,1.029,0.415,0.231,0.333,15
F,0.585,0.463,0.159,1.022,0.439,0.206,0.335,9
I,0.366,0.286,0.085,0.233,0.118,0.042,0.07,8
I,0.596,0.439,0.156,0.922,0.43,0.185,0.244,9
M,0.545,0.401,0.135,0.614,0.275,0.143,0.187,9
M,0.483,0.393,0.082,0.617,0.295,0.1,0.199,8
I,0.355,0.272,0.093,0.241,0.126,0.043,0.058,8
I,0.563,0.454,0.148,0.884,0.371,0.217,0.258,10
M,0.585,0.454,0.147,0.997,0.462,0.231,0.271,10
I,0.53,0.382,0.125,0.652,0.336,0.129,0.192,8
I,0.365,0.261,0.106,0.27,0.137,0.054,0.074,9
M,0.54,0.42,0.176,0.73,0.252,0.143,0.264,17
M,0.286,0.201,0.082,0.096,0.034,0.02,0.03,5
F,0.567,0.445,0.167,1.096,0.505,0.259,0.268,12
I,0.429,0.352,0.121,0.372,0.162,0.084,0.106,7
M,0.551,0.409,0.13,0.813,0.374,0.215,0.236,10
I,0.271,0.214,0.062,0.115,0.043,0.027,0.029,6
I,0.488,0.358,0.15,0.445,0.153,0.101,0.12,7
F,0.403,0.3,0.11,0.291,0.136,0.047,0.09,8
I,0.581,0.421,0.138,0.762,0.365,0.201,0.229,10
F,0.616,0.505,0.187,1.208,0.514,0.294,0.362,10
M,0.505,0.392,0.171,0.696,0.274,0.195,0.2,11
I,0.494,0.361,0.099,0.495,0.209,0.106,0.127,7
I,0.422,0.35,0.104,0.363,0.146,0.087,0.11,8
I,0.39,0.285,0.111,0.262,0.114,0.056,0.079,6
F,0.508,0.427,0.131,0.693,0.297,0.2,0.2,10
M,0.555,0.469,0.162,1.1,0.458,0.24,0.27,10
F,0.616,0.48,0.186,1.067,0.432,0.201,0.395,12
F,0.593,0.466,0.162,0.968,0.501,0.198,0.294,9
I,0.443,0.34,0.108,0.41,0.158,0.076,0.121,8
F,0.432,0.356,0.143,0.478,0.181,0.128,0.16,11
I,0.207,0.167,0.057,0.063,0.02,0.014,0.02,6
M,0.526,0.41,0.123,0.797,0.299,0.155,0.259,11
F,0.702,0.55,0.162,1.363,0.486,0.309,0.407,14
I,0.183,0.13,0.042,0.027,0.011,0.005,0.009,5
M,0.638,0.504,0.171,1.506,0.658,0.313,0.394,11
I,0.194,0.14,0.024,0.034,0.011,0.007,0.01,5
I,0.419,0.303,0.11,0.324,0.128,0.076,0.094,6
I,0.308,0.221,0.074,0.152,0.06,0.03,0.051,6
M,0.399,0.31,0.107,0.322,0.141,0.054,0.097,11
I,0.329,0.223,0.061,0.132,0.061,0.027,0.035,7
I,0.365,0.274,0.084,0.221,0.084,0.047,0.075,7
F,0.564,0.433,0.154,0.916,0.323,0.144,0.32,20
M,0.529,0.395,0.154,0.824,0.271,0.175,0.282,12
F,0.612,0.498,0.161,1.373,0.531,0.284,0.42,11
I,0.405,0.323,0.095,0.322,0.112,0.066,0.118,8
M,0.364,0.281,0.129,0.287,0.089,0.056,0.1,10
M,0.568,0.47,0.179,1.052,0.365,0.207,0.387,15
F,0.624,0.478,0.172,1.183,0.535,0.251,0.306,11
I,0.556,0.442,0.138,0.76,0.396,0.155,0.205,8
I,0.446,0.375,0.116,0.449,0.225,0.12,0.144,9
F,0.53,0.449,0.15,0.889,0.418,0.196,0.224,8
I,0.478,0.371,0.116,0.615,0.233,0.15,0.181,8
F,0.636,0.58,0.209,1.602,0.718,0.361,0.41,12
I,0.418,0.301,0.102,0.359,0.166,0.073,0.11,6
I,0.597,0.415,0.158,0.712,0.278,0.187,0.189,14
I,0.446,0.353,0.104,0.347,0.12,0.081,0.124,8
I,0.409,0.306,0.107,0.317,0.139,0.073,0.096,6
I,0.256,0.183,0.062,0.09,0.038,0.019,0.025,5
M,0.584,0.449,0.157,1.148,0.519,0.285,0.255,10
I,0.359,0.267,0.09,0.187,0.095,0.039,0.055,6
M,0.64,0.528,0.189,1.438,0.41,0.292,0.548,16
M,0.71,0.523,0.191,1.654,0.761,0.408,0.354,11
I,0.273,0.205,0.052,0.108,0.043,0.027,0.032,5
M,0.643,0.501,0.162,1.139,0.539,0.237,0.32,11
M,0.424,0.352,0.086,0.377,0.146,0.073,0.127,10
F,0.439,0.325,0.106,0.429,0.182,0.093,0.112,9
F,0.598,0.526,0.148,1.372,0.653,0.259,0.354,10
M,0.576,0.481,0.138,0.968,0.466,0.168,0.266,9
F,0.36,0.292,0.117,0.283,0.094,0.067,0.089,10
M,0.298,0.236,0.09,0.165,0.073,0.038,0.049,6
I,0.462,0.39,0.124,0.501,0.216,0.119,0.155,8
I,0.536,0.391,0.1,0.565,0.3,0.109,0.157,8
I,0.37,0.285,0.129,0.331,0.175,0.077,0.085,7
M,0.635,0.477,0.168,1.087,0.479,0.223,0.284,10
M,0.559,0.437,0.189,1.778,0.924,0.426,0.431,9
M,0.619,0.493,0.155,1.266,0.553,0.311,0.383,9
F,0.673,0.609,0.2,1.733,0.605,0.471,0.597,18
F,0.503,0.383,0.149,0.601,0.218,0.142,0.182,16
I,0.46,0.333,0.12,0.381,0.139,0.081,0.122,8
F,0.63,0.517,0.189,1.729,0.714,0.386,0.409,19
I,0.509,0.391,0.137,0.733,0.378,0.164,0.178,7
M,0.514,0.413,0.142,0.804,0.416,0.171,0.191,7
M,0.601,0.485,0.192,1.167,0.487,0.251,0.372,11
M,0.606,0.502,0.157,1.053,0.431,0.185,0.338,11
F,0.628,0.53,0.18,1.725,0.876,0.32,0.418,10
I,0.458,0.329,0.108,0.404,0.174,0.073,0.125,9
F,0.505,0.44,0.139,0.748,0.312,0.167,0.223,9
F,0.603,0.455,0.131,0.97,0.492,0.174,0.247,10
F,0.392,0.293,0.125,0.325,0.14,0.055,0.077,10
M,0.649,0.526,0.157,1.172,0.561,0.233,0.333,11
M,0.728,0.548,0.181,2.038,1.26,0.36,0.439,11
I,0.39,0.291,0.1,0.247,0.116,0.058,0.073,7
I,0.431,0.317,0.093,0.303,0.142,0.067,0.079,7
I,0.425,0.292,0.089,0.272,0.115,0.055,0.091,7
I,0.402,0.29,0.092,0.294,0.14,0.06,0.074,8
I,0.576,0.433,0.148,0.987,0.494,0.222,0.249,8
I,0.407,0.284,0.1,0.267,0.12,0.059,0.077,5
I,0.615,0.494,0.158,1.439,0.736,0.36,0.351,13
I,0.398,0.346,0.106,0.317,0.161,0.072,0.173,7
I,0.585,0.444,0.157,1.004,0.448,0.259,0.262,11
M,0.51,0.406,0.106,0.631,0.248,0.189,0.196,11
M,0.587,0.446,0.158,0.832,0.344,0.212,0.25,11
F,0.624,0.471,0.172,1.201,0.565,0.278,0.31,10
F,0.604,0.468,0.166,1.156,0.466,0.242,0.348,14
M,0.603,0.48,0.148,1.1,0.583,0.203,0.281,8
I,0.301,0.233,0.086,0.173,0.07,0.033,0.056,7
I,0.491,0.399,0.13,0.522,0.213,0.117,0.168,8
F,0.525,0.48,0.151,0.763,0.33,0.207,0.206,8
I,0.372,0.25,0.077,0.188,0.073,0.032,0.06,5
I,0.461,0.356,0.11,0.449,0.218,0.156,0.102,9
M,0.561,0.478,0.18,1.087,0.442,0.262,0.299,10
I,0.366,0.265,0.099,0.214,0.083,0.058,0.071,7
M,0.553,0.453,0.137,0.95,0.426,0.193,0.257,9
I,0.454,0.35,0.132,0.489,0.185,0.129,0.135,7
I,0.456,0.328,0.12,0.393,0.174,0.082,0.113,6
I,0.381,0.283,0.099,0.305,0.136,0.063,0.084,6
I,0.207,0.168,0.045,0.047,0.02,0.012,0.013,5
I,0.285,0.189,0.094,0.111,0.052,0.03,0.034,6
F,0.62,0.468,0.194,1.2,0.423,0.239,0.421,17
I,0.448,0.324,0.115,0.37,0.188,0.068,0.108,8
I,0.619,0.464,0.172,0.997,0.44,0.243,0.317,13
I,0.318,0.239,0.072,0.166,0.085,0.035,0.042,7
I,0.663,0.489,0.186,1.366,0.55,0.291,0.513,16
F,0.663,0.518,0.186,1.59,0.788,0.31,0.403,10
I,0.644,0.538,0.147,1.267,0.567,0.3,0.326,10
F,0.639,0.463,0.172,1.285,0.615,0.351,0.342,9
I,0.238,0.167,0.065,0.067,0.032,0.013,0.017,3
I,0.423,0.317,0.098,0.385,0.21,0.069,0.111,6
M,0.552,0.458,0.136,0.803,0.35,0.174,0.248,11
F,0.591,0.429,0.148,0.968,0.447,0.227,0.255,9
F,0.631,0.469,0.187,1.216,0.594,0.259,0.32,12
I,0.499,0.392,0.115,0.53,0.226,0.098,0.179,9
M,0.667,0.503,0.16,1.241,0.617,0.268,0.332,10
M,0.699,0.544,0.22,1.435,0.679,0.397,0.381,10
I,0.454,0.355,0.13,0.485,0.187,0.1,0.15,11
M,0.531,0.45,0.148,1.073,0.501,0.234,0.287,8
I,0.311,0.235,0.074,0.158,0.054,0.031,0.049,7
F,0.574,0.458,0.139,0.874,0.375,0.203,0.268,11
F,0.724,0.552,0.182,1.828,0.808,0.405,0.506,11
M,0.367,0.266,0.087,0.205,0.07,0.056,0.067,8
M,0.566,0.432,0.129,0.809,0.331,0.161,0.245,15
F,0.431,0.334,0.123,0.464,0.163,0.097,0.159,8
M,0.73,0.583,0.216,2.008,0.887,0.439,0.482,12
F,0.587,0.502,0.169,1.141,0.451,0.273,0.326,13
M,0.564,0.447,0.149,0.895,0.378,0.227,0.214,8
I,0.543,0.444,0.136,0.735,0.342,0.127,0.236,8
F,0.376,0.315,0.101,0.341,0.145,0.076,0.102,12
I,0.183,0.139,0.083,0.033,0.015,0.007,0.01,5
I,0.339,0.247,0.082,0.192,0.084,0.032,0.06,6
F,0.573,0.474,0.151,1.114,0.569,0.259,0.254,8
I,0.552,0.459,0.182,0.853,0.414,0.204,0.207,11
M,0.461,0.364,0.133,0.442,0.169,0.106,0.14,8
M,0.347,0.28,0.084,0.212,0.082,0.049,0.069,9
I,0.682,0.528,0.191,1.101,0.436,0.236,0.324,10
M,0.644,0.529,0.175,1.212,0.553,0.244,0.387,13
M,0.58,0.46,0.167,0.883,0.331,0.199,0.316,10
F,0.609,0.5,0.198,1.187,0.453,0.267,0.351,11
I,0.483,0.39,0.128,0.601,0.232,0.113,0.233,11
M,0.605,0.493,0.164,1.107,0.492,0.212,0.304,12
M,0.659,0.505,0.171,1.475,0.624,0.425,0.355,10
F,0.473,0.371,0.137,0.61,0.256,0.146,0.174,15
M,0.419,0.332,0.112,0.44,0.182,0.088,0.142,8
I,0.331,0.291,0.1,0.215,0.088,0.055,0.077,8
F,0.624,0.482,0.199,1.096,0.499,0.269,0.344,10
I,0.357,0.265,0.092,0.209,0.075,0.057,0.059,8
I,0.323,0.239,0.076,0.139,0.052,0.03,0.045,5
M,0.597,0.466,0.15,1.061,0.522,0.246,0.317,9
M,0.596,0.467,0.142,0.877,0.387,0.215,0.271,10
F,0.598,0.415,0.2,1.585,0.637,0.412,0.392,11
F,0.674,0.554,0.124,1.53,0.67,0.366,0.19,12
F,0.496,0.429,0.124,0.76,0.268,0.194,0.242,13
F,0.596,0.453,0.153,0.899,0.352,0.227,0.278,9
M,0.624,0.483,0.164,0.988,0.489,0.25,0.28,10
M,0.688,0.546,0.19,2.092,1.042,0.407,0.506,12
I,0.372,0.263,0.075,0.178,0.08,0.038,0.053,7
F,0.669,0.53,0.19,1.694,0.666,0.501,0.514,11
I,0.551,0.438,0.154,0.905,0.41,0.193,0.245,10
F,0.647,0.519,0.172,1.54,0.745,0.417,0.364,10
F,0.654,0.562,0.213,1.834,0.683,0.369,0.463,14
F,0.505,0.372,0.109,0.486,0.2,0.099,0.123,7
M,0.562,0.411,0.177,0.844,0.32,0.23,0.238,12
M,0.718,0.587,0.179,1.809,0.586,0.467,0.459,13
I,0.432,0.313,0.098,0.336,0.17,0.079,0.093,7
F,0.528,0.39,0.107,0.591,0.192,0.149,0.197,13
M,0.723,0.564,0.191,1.515,0.664,0.309,0.419,13
I,0.452,0.34,0.135,0.425,0.177,0.081,0.125,13
M,0.527,0.403,0.116,0.855,0.3,0.173,0.263,15
I,0.365,0.268,0.08,0.204,0.085,0.048,0.063,8
M,0.514,0.44,0.13,0.807,0.384,0.199,0.197,8
M,0.596,0.477,0.158,1.03,0.498,0.248,0.225,10
I,0.468,0.356,0.121,0.428,0.164,0.095,0.144,8
F,0.644,0.519,0.162,1.32,0.662,0.278,0.327,12
M,0.525,0.382,0.134,0.586,0.232,0.12,0.174,12
F,0.495,0.359,0.211,1.216,0.489,0.288,0.33,9
F,0.817,0.647,0.206,2.616,1.435,0.481,0.589,11
I,0.304,0.24,0.056,0.154,0.065,0.026,0.041,6
M,0.637,0.516,0.164,1.215,0.505,0.182,0.492,12
I,0.271,0.214,0.087,0.11,0.042,0.024,0.033,5
F,0.622,0.506,0.193,1.41,0.74,0.286,0.349,9
M,0.618,0.451,0.141,1.026,0.507,0.192,0.247,8
M,0.496,0.455,0.195,0.965,0.308,0.21,0.371,17
F,0.611,0.481,0.163,1.104,0.489,0.233,0.319,11
F,0.623,0.508,0.152,1.266,0.547,0.209,0.34,11
M,0.608,0.482,0.174,1.341,0.575,0.31,0.329,9
F,0.525,0.387,0.114,0.577,0.255,0.142,0.162,9
F,0.572,0.466,0.143,0.98,0.467,0.239,0.216,9
I,0.582,0.472,0.138,0.81,0.375,0.157,0.265,10
M,0.556,0.434,0.153,1.015,0.285,0.139,0.465,20
M,0.659,0.539,0.195,1.556,0.789,0.289,0.386,10
M,0.562,0.443,0.163,0.787,0.339,0.194,0.247,11
F,0.664,0.486,0.16,1.511,0.735,0.275,0.403,9
F,0.573,0.429,0.152,0.894,0.36,0.173,0.277,10
M,0.593,0.451,0.161,1.092,0.479,0.228,0.325,9
M,0.608,0.47,0.088,1.097,0.461,0.271,0.273,8
I,0.246,0.197,0.058,0.077,0.036,0.011,0.025,6
I,0.445,0.349,0.107,0.337,0.139,0.076,0.096,7
I,0.274,0.203,0.07,0.113,0.045,0.026,0.031,5
M,0.259,0.209,0.081,0.125,0.045,0.027,0.04,6
F,0.626,0.471,0.143,1.039,0.454,0.228,0.279,14
M,0.561,0.454,0.164,0.746,0.275,0.205,0.243,16
F,0.465,0.389,0.14,0.57,0.161,0.119,0.195,11
I,0.38,0.298,0.098,0.29,0.112,0.065,0.115,11
F,0.528,0.377,0.107,0.558,0.286,0.117,0.154,7
F,0.568,0.431,0.151,0.796,0.3,0.146,0.263,9
M,0.464,0.338,0.145,0.496,0.199,0.116,0.172,10
F,0.691,0.601,0.192,2.217,1.052,0.391,0.611,10
F,0.524,0.397,0.139,0.703,0.31,0.175,0.241,10
M,0.599,0.475,0.177,1.01,0.437,0.237,0.315,10
I,0.4,0.262,0.104,0.268,0.126,0.062,0.078,9
M,0.551,0.433,0.146,0.91,0.397,0.161,0.28,10
I,0.592,0.472,0.189,0.879,0.315,0.189,0.293,13
M,0.647,0.5,0.178,1.174,0.518,0.257,0.33,13
M,0.515,0.418,0.152,0.865,0.43,0.147,0.206,9
F,0.696,0.566,0.19,2.142,1.035,0.419,0.482,9
M,0.642,0.517,0.16,1.361,0.637,0.242,0.306,9
M,0.627,0.452,0.154,1.028,0.446,0.204,0.313,10
I,0.571,0.457,0.156,0.879,0.267,0.218,0.342,14
M,0.43,0.356,0.11,0.291,0.09,0.054,0.121,11
I,0.393,0.277,0.091,0.226,0.104,0.052,0.074,8
I,0.488,0.384,0.103,0.493,0.24,0.112,0.143,7
F,0.54,0.474,0.154,1.221,0.556,0.311,0.349,16
F,0.658,0.53,0.148,1.293,0.546,0.29,0.374,11
M,0.765,0.538,0.213,2.121,1.047,0.537,0.518,11
F,0.577,0.462,0.148,1.08,0.453,0.191,0.378,11
M,0.46,0.373,0.101,0.459,0.2,0.104,0.151,10
F,0.657,0.51,0.163,1.126,0.503,0.253,0.33,12
F,0.547,0.388,0.138,0.785,0.385,0.203,0.208,8
I,0.491,0.376,0.127,0.489,0.195,0.136,0.126,8
M,0.558,0.434,0.141,0.791,0.471,0.131,0.211,9
M,0.591,0.458,0.184,1.264,0.682,0.294,0.288,10
F,0.447,0.342,0.117,0.471,0.209,0.107,0.158,8
M,0.677,0.527,0.165,1.184,0.619,0.274,0.338,11
I,0.315,0.233,0.109,0.285,0.117,0.063,0.083,6
M,0.558,0.464,0.156,0.871,0.432,0.198,0.253,9
F,0.62,0.495,0.198,1.103,0.476,0.233,0.367,9
F,0.509,0.399,0.188,0.641,0.154,0.105,0.238,21
F,0.72,0.558,0.198,1.672,0.863,0.419,0.453,9
M,0.619,0.532,0.167,1.349,0.649,0.261,0.364,12
I,0.353,0.279,0.096,0.222,0.105,0.041,0.066,7
M,0.481,0.396,0.13,0.807,0.273,0.165,0.257,13
M,0.541,0.461,0.16,0.941,0.476,0.201,0.267,8
F,0.508,0.371,0.12,0.588,0.268,0.133,0.15,8
F,0.576,0.439,0.118,1.039,0.483,0.229,0.268,12
M,0.574,0.445,0.147,1.083,0.444,0.269,0.318,14
M,0.676,0.485,0.159,1.365,0.561,0.351,0.339,10
I,0.618,0.439,0.138,0.983,0.446,0.259,0.265,10
I,0.408,0.295,0.096,0.326,0.136,0.084,0.083,7
F,0.417,0.337,0.113,0.441,0.216,0.12,0.116,10
F,0.464,0.343,0.138,0.441,0.149,0.094,0.151,12
F,0.549,0.429,0.129,0.684,0.308,0.153,0.22,11
M,0.613,0.52,0.158,1.399,0.479,0.365,0.454,19
M,0.662,0.564,0.166,1.4,0.664,0.23,0.424,11
M,0.554,0.416,0.156,0.796,0.441,0.18,0.229,10
I,0.429,0.338,0.11,0.343,0.138,0.065,0.118,8
I,0.506,0.419,0.12,0.586,0.254,0.115,0.169,9
I,0.601,0.417,0.138,0.817,0.368,0.158,0.266,11
F,0.56,0.433,0.154,0.971,0.306,0.224,0.343,12
I,0.567,0.411,0.132,0.722,0.356,0.151,0.202,8
F,0.698,0.512,0.203,1.48,0.634,0.382,0.406,9
F,0.698,0.544,0.205,1.637,0.812,0.324,0.408,10
F,0.598,0.47,0.173,1.096,0.355,0.293,0.287,13
I,0.233,0.164,0.067,0.058,0.024,0.013,0.016,4
I,0.377,0.288,0.102,0.244,0.112,0.061,0.074,12
M,0.52,0.422,0.161,1.016,0.316,0.19,0.299,19
I,0.552,0.446,0.148,0.908,0.376,0.166,0.292,9
M,0.425,0.353,0.114,0.415,0.164,0.084,0.139,10
M,0.502,0.347,0.138,0.544,0.207,0.143,0.139,9
M,0.505,0.372,0.18,0.975,0.331,0.158,0.319,14
I,0.318,0.216,0.087,0.137,0.069,0.03,0.042,6
M,0.699,0.572,0.183,1.665,0.898,0.354,0.455,10
I,0.404,0.287,0.086,0.293,0.117,0.072,0.078,7
M,0.407,0.302,0.122,0.394,0.205,0.09,0.095,8
I,0.297,0.221,0.062,0.128,0.051,0.028,0.037,6
M,0.571,0.448,0.145,0.895,0.378,0.228,0.246,10
M,0.444,0.317,0.115,0.441,0.233,0.08,0.114,8
I,0.169,0.107,0.035,0.035,0.012,0.009,0.005,4
I,0.452,0.347,0.126,0.489,0.212,0.101,0.15,8
M,0.254,0.199,0.074,0.098,0.043,0.021,0.029,6
I,0.46,0.367,0.112,0.42,0.177,0.076,0.147,9
I,0.539,0.419,0.126,0.634,0.313,0.144,0.174,10
F,0.605,0.463,0.183,1.043,0.479,0.216,0.295,9
M,0.541,0.449,0.149,0.937,0.521,0.162,0.23,9
I,0.456,0.334,0.121,0.499,0.231,0.102,0.133,7
M,0.438,0.325,0.113,0.417,0.179,0.098,0.14,8
I,0.263,0.192,0.051,0.08,0.03,0.021,0.027,6
F,0.622,0.523,0.169,1.22,0.44,0.267,0.472,12
F,0.568,0.402,0.14,0.783,0.291,0.174,0.258,23
M,0.547,0.371,0.165,0.983,0.431,0.213,0.284,10
M,0.617,0.478,0.185,1.388,0.556,0.303,0.366,11
F,0.571,0.466,0.148,0.974,0.484,0.208,0.272,10
I,0.436,0.312,0.097,0.302,0.134,0.076,0.091,7
M,0.282,0.197,0.082,0.097,0.038,0.02,0.031,6
M,0.616,0.477,0.185,1.174,0.618,0.223,0.308,9
F,0.601,0.508,0.2,1.438,0.612,0.31,0.382,9
I,0.313,0.234,0.076,0.155,0.074,0.063,0.044,6
M,0.569,0.461,0.151,1.013,0.446,0.205,0.277,8
I,0.401,0.313,0.113,0.427,0.212,0.097,0.109,8
M,0.72,0.546,0.209,1.67,0.694,0.335,0.466,11
F,0.633,0.483,0.152,1.248,0.473,0.301,0.331,15
I,0.437,0.358,0.125,0.51,0.245,0.109,0.191,8
M,0.574,0.434,0.16,1.057,0.53,0.167,0.307,10
M,0.56,0.426,0.15,0.86,0.407,0.174,0.237,8
M,0.534,0.406,0.139,0.995,0.486,0.258,0.261,8
I,0.474,0.352,0.116,0.416,0.195,0.099,0.111,6
F,0.509,0.407,0.136,0.777,0.387,0.177,0.173,8
I,0.559,0.439,0.118,0.68,0.29,0.131,0.216,11
M,0.709,0.514,0.178,1.655,0.727,0.325,0.404,13
F,0.585,0.408,0.15,0.909,0.345,0.256,0.245,10
M,0.343,0.259,0.086,0.162,0.062,0.035,0.048,10
F,0.576,0.416,0.122,0.647,0.292,0.14,0.201,9
I,0.568,0.437,0.126,0.782,0.327,0.184,0.241,9
I,0.658,0.532,0.16,1.144,0.491,0.198,0.342,17
I,0.498,0.369,0.145,0.657,0.247,0.145,0.228,10
F,0.524,0.428,0.152,0.748,0.203,0.208,0.21,14
M,0.516,0.435,0.124,0.82,0.399,0.148,0.221,9
F,0.744,0.547,0.211,2.121,0.873,0.419,0.614,13
F,0.681,0.54,0.159,1.27,0.496,0.335,0.376,13
I,0.341,0.266,0.093,0.171,0.083,0.031,0.055,8
M,0.718,0.581,0.198,1.881,0.676,0.484,0.529,12
F,0.64,0.513,0.161,1.21,0.493,0.259,0.351,11
M,0.487,0.398,0.128,0.634,0.317,0.149,0.154,6
I,0.449,0.322,0.146,0.768,0.367,0.154,0.216,10
I,0.305,0.235,0.072,0.174,0.072,0.036,0.051,7
M,0.588,0.477,0.153,1.154,0.563,0.235,0.33,10
M,0.489,0.429,0.147,0.773,0.327,0.192,0.2,8
I,0.462,0.34,0.116,0.407,0.189,0.097,0.119,7
M,0.64,0.484,0.182,1.246,0.581,0.257,0.335,10
I,0.385,0.302,0.101,0.3,0.14,0.07,0.081,6
M,0.485,0.364,0.126,0.588,0.258,0.127,0.171,11
I,0.416,0.332,0.102,0.374,0.182,0.073,0.11,7
M,0.606,0.482,0.161,1.09,0.505,0.271,0.267,11
M,0.639,0.477,0.173,1.222,0.575,0.259,0.258,9
F,0.613,0.537,0.162,1.378,0.695,0.273,0.327,12
F,0.592,0.492,0.159,1.008,0.353,0.239,0.346,10
F,0.654,0.481,0.183,1.339,0.511,0.313,0.344,13
I,0.539,0.431,0.13,0.741,0.324,0.169,0.178,9
F,0.566,0.449,0.168,0.977,0.454,0.241,0.242,9
F,0.58,0.438,0.137,0.978,0.496,0.181,0.243,8
F,0.646,0.483,0.173,1.288,0.577,0.238,0.364,11
I,0.549,0.414,0.128,0.671,0.334,0.145,0.198,9
M,0.387,0.286,0.112,0.325,0.121,0.058,0.113,12
I,0.242,0.184,0.064,0.071,0.03,0.014,0.022,5
F,0.471,0.375,0.108,0.372,0.171,0.044,0.141,13
I,0.258,0.175,0.057,0.079,0.032,0.021,0.019,4
M,0.261,0.201,0.084,0.1,0.037,0.024,0.029,5
F,0.644,0.495,0.152,1.286,0.499,0.31,0.368,15
I,0.499,0.41,0.145,0.648,0.266,0.101,0.214,13
I,0.559,0.422,0.135,0.79,0.303,0.222,0.246,10
I,0.545,0.423,0.141,0.638,0.299,0.136,0.187,10
M,0.629,0.509,0.173,1.224,0.575,0.282,0.297,10
F,0.476,0.383,0.138,0.67,0.243,0.186,0.208,10
I,0.493,0.372,0.125,0.502,0.195,0.104,0.165,9
I,0.543,0.421,0.157,0.81,0.359,0.168,0.236,10
I,0.613,0.47,0.152,0.839,0.384,0.232,0.227,9
M,0.595,0.481,0.172,1.298,0.579,0.259,0.409,10
M,0.613,0.49,0.149,1.169,0.454,0.287,0.344,9
F,0.669,0.551,0.168,1.214,0.677,0.251,0.312,9
M,0.586,0.446,0.141,0.924,0.468,0.178,0.239,9
M,0.592,0.484,0.157,1.169,0.613,0.224,0.263,9
I,0.47,0.339,0.14,0.505,0.23,0.094,0.144,7
F,0.486,0.378,0.131,0.621,0.261,0.098,0.223,11
I,0.476,0.355,0.139,0.42,0.202,0.097,0.124,8
M,0.556,0.455,0.204,0.824,0.332,0.212,0.239,14
I,0.36,0.279,0.101,0.222,0.085,0.037,0.075,10
M,0.715,0.524,0.15,1.366,0.638,0.208,0.398,10
I,0.414,0.321,0.109,0.393,0.214,0.095,0.092,6
M,0.658,0.484,0.165,1.325,0.647,0.338,0.3,9
M,0.43,0.306,0.099,0.326,0.159,0.051,0.094,6
M,0.391,0.316,0.087,0.257,0.119,0.059,0.087,8
F,0.56,0.417,0.161,0.938,0.335,0.234,0.296,17
F,0.456,0.338,0.131,0.399,0.148,0.096,0.136,8
I,0.385,0.267,0.095,0.242,0.102,0.046,0.217,6
M,0.573,0.412,0.148,0.855,0.432,0.184,0.195,8
M,0.351,0.252,0.09,0.164,0.05,0.04,0.065,8
F,0.665,0.578,0.209,1.698,0.652,0.307,0.477,18
M,0.485,0.408,0.151,0.662,0.212,0.087,0.265,9
M,0.674,0.515,0.188,1.598,0.759,0.309,0.386,11
F,0.504,0.397,0.139,0.754,0.41,0.203,0.174,8
I,0.364,0.281,0.093,0.181,0.073,0.04,0.066,7
I,0.59,0.453,0.128,0.745,0.324,0.151,0.238,9
M,0.488,0.353,0.115,0.553,0.279,0.216,0.144,9
M,0.614,0.464,0.154,1.115,0.541,0.222,0.281,11
F,0.5,0.364,0.116,0.54,0.168,0.113,0.189,11
F,0.601,0.45,0.156,1.117,0.545,0.232,0.285,7
M,0.608,0.515,0.169,1.37,0.606,0.295,0.374,9
M,0.468,0.337,0.141,0.462,0.161,0.155,0.121,9
I,0.325,0.218,0.071,0.142,0.059,0.033,0.094,6
M,0.565,0.431,0.147,0.927,0.477,0.174,0.225,9
I,0.316,0.268,0.082,0.207,0.094,0.04,0.054,7
M,0.568,0.48,0.134,0.929,0.422,0.177,0.275,9
M,0.533,0.385,0.148,0.711,0.296,0.16,0.231,9
F,0.594,0.435,0.13,0.793,0.366,0.172,0.226,10
M,0.344,0.276,0.112,0.302,0.135,0.065,0.088,7
F,0.591,0.478,0.146,0.909,0.403,0.205,0.222,10
I,0.492,0.348,0.123,0.435,0.179,0.107,0.125,8
F,0.515,0.403,0.166,0.784,0.183,0.169,0.325,10
M,0.571,0.471,0.18,1.006,0.397,0.249,0.508,12
I,0.406,0.325,0.107,0.367,0.17,0.063,0.108,7
I,0.454,0.363,0.12,0.56,0.225,0.121,0.18,9
M,0.507,0.381,0.139,0.57,0.2,0.147,0.169,10
M,0.647,0.496,0.143,1.274,0.569,0.276,0.334,9
M,0.668,0.541,0.184,1.308,0.544,0.222,0.43,18
M,0.501,0.395,0.124,0.693,0.34,0.118,0.18,9
M,0.7,0.507,0.182,1.649,0.786,0.371,0.392,9
M,0.546,0.469,0.158,0.821,0.327,0.156,0.257,13
I,0.389,0.307,0.105,0.366,0.156,0.07,0.125,10
M,0.581,0.435,0.15,0.965,0.52,0.2,0.221,8
F,0.62,0.512,0.188,1.252,0.592,0.284,0.369,12
I,0.581,0.474,0.153,1.007,0.398,0.193,0.329,10
I,0.505,0.409,0.118,0.616,0.245,0.111,0.196,8
M,0.574,0.474,0.154,0.94,0.401,0.221,0.285,9
M,0.74,0.575,0.19,2.003,1.089,0.432,0.524,11
F,0.557,0.434,0.156,0.818,0.375,0.181,0.268,9
M,0.7,0.546,0.211,2.112,0.912,0.393,0.613,12
I,0.424,0.336,0.103,0.475,0.268,0.084,0.108,7
F,0.682,0.567,0.176,1.459,0.685,0.34,0.426,10
M,0.51,0.398,0.118,0.79,0.386,0.148,0.21,9
F,0.606,0.49,0.15,1.075,0.466,0.239,0.275,9
M,0.485,0.407,0.135,0.737,0.359,0.153,0.214,8
I,0.594,0.457,0.138,0.808,0.345,0.206,0.241,11
M,0.503,0.384,0.157,0.735,0.374,0.136,0.157,7
F,0.705,0.561,0.187,1.612,0.703,0.361,0.424,13
M,0.57,0.461,0.145,1.005,0.42,0.205,0.323,11
I,0.426,0.34,0.098,0.344,0.146,0.07,0.093,7
F,0.744,0.579,0.223,1.881,0.831,0.421,0.676,16
M,0.435,0.314,0.096,0.394,0.166,0.076,0.115,9
M,0.491,0.406,0.137,0.657,0.247,0.171,0.191,10
M,0.476,0.369,0.1,0.503,0.216,0.128,0.122,8
M,0.616,0.511,0.177,1.263,0.562,0.313,0.357,11
F,0.629,0.461,0.14,1.03,0.469,0.239,0.256,8
I,0.435,0.325,0.091,0.286,0.105,0.057,0.116,7
M,0.233,0.166,0.059,0.057,0.027,0.01,0.014,4
I,0.224,0.168,0.065,0.065,0.023,0.014,0.023,6
I,0.401,0.324,0.093,0.37,0.169,0.082,0.087,6
I,0.441,0.349,0.104,0.331,0.133,0.077,0.1,7
M,0.593,0.453,0.16,0.926,0.402,0.175,0.256,11
M,0.286,0.235,0.075,0.122,0.041,0.024,0.041,7
F,0.671,0.526,0.168,1.729,0.834,0.358,0.481,9
M,0.617,0.527,0.185,1.648,0.79,0.4,0.446,11
I,0.314,0.207,0.049,0.114,0.05,0.022,0.041,4
I,0.383,0.295,0.12,0.302,0.129,0.068,0.088,8
F,0.633,0.475,0.181,1.209,0.482,0.303,0.373,15
I,0.34,0.257,0.089,0.176,0.072,0.035,0.062,10
M,0.63,0.48,0.162,1.424,0.557,0.293,0.296,10
I,0.51,0.398,0.122,0.597,0.218,0.128,0.231,11
I,0.221,0.155,0.058,0.052,0.022,0.017,0.015,5
F,0.644,0.493,0.177,1.343,0.585,0.316,0.352,10
I,0.657,0.524,0.207,1.78,0.651,0.351,0.393,11
F,0.548,0.437,0.133,0.957,0.386,0.152,0.325,13
M,0.677,0.515,0.17,1.451,0.635,0.245,0.46,11
I,0.255,0.193,0.066,0.074,0.03,0.016,0.02,4
M,0.595,0.492,0.153,1.308,0.652,0.254,0.296,12
I,0.58,0.424,0.124,0.712,0.335,0.139,0.214,8
I,0.588,0.428,0.169,1.232,0.378,0.224,0.326,21
F,0.519,0.394,0.166,0.647,0.278,0.108,0.215,12
I,0.434,0.324,0.098,0.357,0.176,0.068,0.101,7
M,0.529,0.434,0.179,0.856,0.457,0.159,0.226,10
M,0.556,0.432,0.178,0.815,0.328,0.179,0.248,8
F,0.401,0.314,0.117,0.372,0.159,0.105,0.095,11
I,0.477,0.34,0.127,0.482,0.219,0.075,0.154,9
M,0.759,0.613,0.214,1.797,0.758,0.397,0.536,11
F,0.673,0.539,0.18,1.452,0.705,0.319,0.38,10
F,0.518,0.405,0.128,0.671,0.326,0.151,0.205,8
I,0.386,0.302,0.086,0.246,0.115,0.058,0.078,8
M,0.611,0.494,0.153,1.106,0.422,0.26,0.296,14
I,0.607,0.46,0.19,1.307,0.652,0.26,0.413,16
I,0.39,0.296,0.097,0.277,0.127,0.066,0.082,7
I,0.388,0.26,0.092,0.278,0.126,0.06,0.083,7
I,0.312,0.222,0.092,0.3,0.139,0.067,0.092,6
F,0.576,0.424,0.162,0.964,0.549,0.186,0.215,9
F,0.49,0.405,0.126,0.65,0.275,0.146,0.211,10
M,0.592,0.476,0.175,1.111,0.491,0.211,0.314,13
F,0.568,0.448,0.169,0.83,0.432,0.192,0.238,9
F,0.564,0.452,0.178,1.086,0.427,0.256,0.286,8
F,0.385,0.314,0.109,0.343,0.117,0.088,0.114,16
F,0.664,0.5,0.173,1.317,0.676,0.309,0.359,9
M,0.353,0.264,0.092,0.188,0.077,0.046,0.061,9
M,0.59,0.459,0.184,0.911,0.411,0.199,0.296,14
F,0.523,0.441,0.172,0.899,0.332,0.172,0.35,12
F,0.711,0.568,0.162,1.933,1.093,0.413,0.435,10
F,0.664,0.468,0.184,1.317,0.48,0.354,0.334,18
I,0.233,0.181,0.082,0.064,0.021,0.018,0.022,5
I,0.269,0.191,0.055,0.084,0.035,0.017,0.025,7
I,0.397,0.319,0.094,0.324,0.187,0.056,0.086,6
I,0.529,0.445,0.127,0.711,0.339,0.132,0.217,8
I,0.455,0.352,0.122,0.467,0.203,0.102,0.13,8
F,0.547,0.465,0.168,0.921,0.365,0.235,0.249,11
I,0.361,0.283,0.077,0.245,0.113,0.043,0.068,6
M,0.564,0.446,0.181,1.138,0.5,0.27,0.328,11
I,0.28,0.219,0.077,0.141,0.056,0.029,0.041,6
I,0.379,0.289,0.085,0.224,0.097,0.038,0.064,8
F,0.64,0.499,0.167,1.101,0.401,0.292,0.361,14
I,0.35,0.272,0.088,0.298,0.099,0.04,0.11,7
F,0.616,0.484,0.176,1.286,0.552,0.313,0.361,9
F,0.527,0.414,0.133,0.704,0.306,0.136,0.233,9
I,0.3,0.222,0.066,0.107,0.044,0.02,0.037,5
M,0.252,0.185,0.065,0.079,0.032,0.019,0.027,8
M,0.633,0.517,0.166,1.422,0.645,0.307,0.363,10
I,0.573,0.48,0.191,1.37,0.525,0.252,0.397,19
M,0.505,0.398,0.124,0.614,0.229,0.131,0.239,15
M,0.682,0.513,0.162,1.542,0.703,0.343,0.411,11
M,0.283,0.227,0.092,0.144,0.05,0.046,0.049,9
F,0.653,0.491,0.148,1.096,0.483,0.273,0.32,10
M,0.503,0.394,0.141,0.627,0.327,0.126,0.156,7
I,0.622,0.445,0.148,1.06,0.506,0.194,0.269,11
M,0.577,0.479,0.16,0.867,0.315,0.142,0.336,15
F,0.606,0.49,0.172,1.089,0.432,0.276,0.309,9
M,0.426,0.349,0.112,0.384,0.155,0.092,0.124,9
I,0.472,0.384,0.117,0.656,0.331,0.156,0.162,13
F,0.497,0.388,0.133,0.458,0.172,0.108,0.158,9
F,0.587,0.48,0.149,1.036,0.41,0.209,0.339,11
F,0.445,0.35,0.109,0.447,0.202,0.099,0.123,10
M,0.619,0.457,0.169,1.025,0.486,0.221,0.262,9
I,0.337,0.258,0.093,0.193,0.074,0.037,0.066,8
F,0.476,0.348,0.118,0.468,0.174,0.094,0.158,11
I,0.37,0.263,0.096,0.246,0.09,0.063,0.073,6
F,0.619,0.474,0.173,1.191,0.424,0.239,0.418,19
F,0.674,0.586,0.179,1.71,0.739,0.378,0.49,10
I,0.618,0.477,0.147,1.008,0.451,0.298,0.283,9
M,0.636,0.527,0.155,1.243,0.53,0.206,0.353,12
M,0.658,0.49,0.209,1.813,0.869,0.397,0.487,10
I,0.499,0.374,0.114,0.592,0.287,0.102,0.152,8
M,0.653,0.543,0.206,1.489,0.567,0.259,0.48,22
M,0.497,0.383,0.119,0.669,0.335,0.13,0.174,8
F,0.513,0.43,0.133,0.703,0.297,0.159,0.246,11
I,0.419,0.301,0.106,0.415,0.177,0.082,0.103,8
I,0.623,0.492,0.161,0.976,0.478,0.187,0.269,10
F,0.521,0.384,0.126,0.548,0.223,0.134,0.189,13
M,0.534,0.407,0.115,0.712,0.228,0.167,0.294,13
I,0.308,0.219,0.072,0.11,0.048,0.024,0.037,5
M,0.628,0.492,0.141,1.099,0.57,0.265,0.262,9
F,0.675,0.569,0.187,1.721,0.783,0.408,0.494,11
M,0.58,0.462,0.158,0.901,0.316,0.192,0.369,14
M,0.735,0.582,0.202,2.055,1.004,0.35,0.512,12
I,0.341,0.24,0.076,0.176,0.079,0.033,0.051,7
I,0.519,0.414,0.134,0.733,0.434,0.12,0.218,9
F,0.608,0.507,0.161,1.272,0.55,0.326,0.354,10
F,0.607,0.47,0.168,1.248,0.566,0.268,0.343,9
I,0.557,0.429,0.145,0.824,0.399,0.17,0.228,9
M,0.58,0.469,0.159,1.041,0.403,0.248,0.34,14
M,0.641,0.539,0.182,1.257,0.551,0.288,0.382,10
M,0.471,0.386,0.138,0.596,0.259,0.144,0.144,7
F,0.622,0.498,0.179,1.204,0.505,0.266,0.365,12
F,0.576,0.489,0.212,1.182,0.445,0.235,0.434,13
I,0.353,0.274,0.083,0.202,0.081,0.046,0.057,5
M,0.577,0.453,0.143,0.916,0.418,0.226,0.261,9
I,0.527,0.384,0.146,0.692,0.348,0.155,0.187,8
F,0.627,0.497,0.145,1.437,0.677,0.37,0.295,10
I,0.627,0.496,0.168,1.066,0.479,0.19,0.345,10
F,0.665,0.488,0.171,1.315,0.687,0.31,0.324,10
M,0.576,0.411,0.133,0.74,0.321,0.151,0.179,7
F,0.626,0.536,0.195,1.385,0.515,0.376,0.437,13
M,0.457,0.36,0.129,0.511,0.208,0.135,0.164,7
M,0.599,0.497,0.153,1.166,0.589,0.257,0.269,8
I,0.379,0.285,0.1,0.28,0.114,0.06,0.082,7
M,0.579,0.442,0.115,0.904,0.394,0.18,0.301,11
F,0.601,0.494,0.175,1.133,0.48,0.235,0.376,13
F,0.557,0.456,0.177,1.131,0.448,0.224,0.348,15
M,0.528,0.419,0.135,0.696,0.325,0.161,0.197,10
I,0.438,0.338,0.105,0.445,0.249,0.073,0.107,6
M,0.411,0.322,0.118,0.397,0.198,0.064,0.1,9
M,0.573,0.508,0.17,1.251,0.564,0.243,0.324,10
I,0.538,0.435,0.178,0.711,0.282,0.166,0.205,10
F,0.379,0.297,0.094,0.294,0.122,0.05,0.09,8
M,0.623,0.477,0.17,1.204,0.532,0.267,0.33,11
M,0.641,0.502,0.185,1.282,0.582,0.343,0.401,13
M,0.487,0.378,0.155,0.633,0.266,0.131,0.218,19
F,0.648,0.526,0.196,1.622,0.54,0.412,0.605,21
F,0.508,0.433,0.141,0.718,0.32,0.158,0.198,10
M,0.619,0.436,0.169,1.199,0.724,0.229,0.232,8
M,0.525,0.4,0.145,0.628,0.224,0.14,0.237,12
M,0.756,0.598,0.196,2.427,1.1,0.528,0.486,11
I,0.603,0.478,0.157,1.03,0.452,0.254,0.309,11
F,0.579,0.485,0.157,0.848,0.322,0.247,0.294,14
M,0.479,0.368,0.116,0.605,0.275,0.136,0.159,6
F,0.479,0.366,0.144,0.68,0.324,0.132,0.2,7
F,0.651,0.522,0.161,1.271,0.569,0.236,0.374,11
M,0.486,0.41,0.122,0.721,0.338,0.153,0.189,7
I,0.362,0.276,0.081,0.225,0.093,0.039,0.072,7
F,0.676,0.552,0.187,1.471,0.582,0.347,0.365,17
I,0.492,0.359,0.124,0.473,0.176,0.114,0.132,9
F,0.51,0.417,0.149,0.776,0.4,0.204,0.222,10
M,0.557,0.377,0.129,0.749,0.352,0.133,0.166,11
M,0.622,0.525,0.163,1.158,0.515,0.296,0.361,7
I,0.44,0.321,0.12,0.382,0.149,0.083,0.123,8
M,0.677,0.52,0.169,1.425,0.701,0.325,0.395,11
I,0.476,0.35,0.115,0.384,0.155,0.061,0.121,8
F,0.545,0.427,0.184,1.748,0.784,0.343,0.469,9
F,0.501,0.4,0.104,0.485,0.186,0.107,0.17,17
I,0.294,0.23,0.086,0.146,0.06,0.033,0.044,7
F,0.455,0.351,0.121,0.484,0.203,0.124,0.156,8
I,0.558,0.403,0.167,0.921,0.434,0.23,0.228,8
M,0.527,0.408,0.171,0.857,0.335,0.232,0.244,11
F,0.57,0.447,0.158,1.166,0.495,0.231,0.336,10
I,0.636,0.445,0.172,1.312,0.391,0.264,0.358,17
I,0.403,0.298,0.086,0.27,0.123,0.058,0.081,7
I,0.262,0.184,0.08,0.08,0.026,0.019,0.029,6
F,0.665,0.52,0.196,1.428,0.623,0.237,0.424,12
M,0.519,0.408,0.197,0.902,0.465,0.166,0.206,9
F,0.6,0.459,0.156,1.113,0.531,0.259,0.306,11
M,0.323,0.248,0.086,0.179,0.079,0.037,0.052,7
M,0.534,0.43,0.135,0.855,0.313,0.194,0.236,10
F,0.451,0.333,0.119,0.496,0.188,0.122,0.146,12
M,0.611,0.455,0.15,1.288,0.535,0.279,0.284,9
M,0.603,0.502,0.175,1.181,0.545,0.237,0.334,8
F,0.664,0.488,0.148,1.146,0.493,0.27,0.38,13
I,0.442,0.338,0.117,0.442,0.207,0.109,0.105,8
M,0.515,0.417,0.129,0.79,0.344,0.172,0.244,11
I,0.431,0.314,0.102,0.342,0.153,0.053,0.109,8
M,0.65,0.515,0.162,1.241,0.646,0.31,0.309,12
F,0.599,0.425,0.129,0.807,0.379,0.195,0.197,11
M,0.697,0.546,0.176,1.461,0.485,0.335,0.488,16
M,0.471,0.357,0.122,0.535,0.221,0.105,0.157,10
I,0.309,0.22,0.089,0.115,0.052,0.017,0.042,6
I,0.141,0.132,0.042,0.029,0.012,0.007,0.008,4
F,0.632,0.489,0.151,0.987,0.429,0.185,0.295,10
F,0.421,0.339,0.125,0.481,0.181,0.109,0.15,10
I,0.53,0.442,0.11,0.8,0.382,0.148,0.254,10
M,0.613,0.513,0.179,1.504,0.563,0.405,0.416,10
M,0.692,0.587,0.185,2.355,1.198,0.523,0.529,9
F,0.561,0.467,0.176,0.989,0.423,0.167,0.324,11
I,0.56,0.453,0.128,0.809,0.397,0.174,0.208,10
F,0.62,0.466,0.173,1.114,0.435,0.214,0.373,10
I,0.409,0.3,0.11,0.347,0.157,0.08,0.108,6
F,0.494,0.382,0.157,0.574,0.188,0.117,0.195,12
F,0.64,0.503,0.149,1.073,0.407,0.325,0.293,12
M,0.578,0.434,0.14,0.982,0.495,0.178,0.247,9
M,0.468,0.374,0.123,0.449,0.165,0.103,0.148,11
M,0.368,0.297,0.104,0.235,0.07,0.067,0.077,10
M,0.626,0.517,0.181,1.5,0.516,0.287,0.447,15
M,0.61,0.508,0.175,1.126,0.552,0.293,0.278,10
F,0.645,0.452,0.155,1.396,0.577,0.275,0.332,10
M,0.634,0.506,0.157,1.042,0.435,0.24,0.289,11
I,0.529,0.402,0.138,0.633,0.275,0.159,0.202,11
M,0.671,0.489,0.191,1.366,0.434,0.268,0.48,15
M,0.63,0.476,0.166,1.228,0.574,0.285,0.309,11
F,0.636,0.54,0.136,1.166,0.568,0.223,0.301,9
I,0.456,0.368,0.13,0.449,0.151,0.121,0.148,9
M,0.496,0.4,0.134,0.617,0.237,0.163,0.207,13
F,0.537,0.454,0.182,0.963,0.332,0.199,0.366,19
F,0.604,0.424,0.131,1.14,0.39,0.24,0.329,13
F,0.478,0.368,0.12,0.592,0.269,0.131,0.18,9
F,0.491,0.417,0.142,0.757,0.298,0.172,0.266,14
I,0.296,0.229,0.071,0.153,0.058,0.041,0.047,5
F,0.495,0.384,0.147,0.644,0.223,0.144,0.229,12
M,0.645,0.508,0.189,1.409,0.712,0.323,0.361,9
I,0.463,0.338,0.127,0.561,0.245,0.144,0.134,8
M,0.523,0.412,0.12,0.719,0.319,0.139,0.227,12
I,0.398,0.31,0.095,0.348,0.176,0.061,0.089,8
M,0.654,0.486,0.169,1.294,0.622,0.299,0.317,9
F,0.639,0.475,0.177,1.171,0.518,0.229,0.404,8
I,0.561,0.409,0.151,0.671,0.277,0.13,0.216,9
M,0.616,0.52,0.172,1.345,0.551,0.293,0.381,12
M,0.503,0.353,0.126,0.542,0.232,0.133,0.141,8
F,0.593,0.486,0.158,0.984,0.487,0.24,0.262,9
M,0.604,0.483,0.156,1.214,0.565,0.305,0.251,10
I,0.352,0.26,0.085,0.251,0.121,0.054,0.057,6
F,0.604,0.471,0.17,1.132,0.434,0.239,0.362,11
M,0.65,0.485,0.204,1.674,0.662,0.385,0.453,10
F,0.73,0.552,0.204,2.137,0.973,0.504,0.5,12
M,0.567,0.421,0.135,0.785,0.342,0.173,0.19,10
I,0.515,0.41,0.147,0.669,0.283,0.159,0.166,9
F,0.613,0.464,0.183,1.105,0.393,0.226,0.417,16
I,0.63,0.466,0.18,1.183,0.464,0.274,0.387,13
M,0.354,0.274,0.091,0.219,0.101,0.046,0.07,7
M,0.714,0.559,0.208,1.937,0.734,0.458,0.587,19
F,0.436,0.346,0.124,0.443,0.155,0.113,0.145,13
M,0.537,0.438,0.143,0.9,0.388,0.216,0.253,8
F,0.666,0.52,0.182,1.392,0.629,0.322,0.375,11
M,0.659,0.523,0.195,1.397,0.675,0.32,0.417,13
M,0.567,0.453,0.186,1.025,0.371,0.215,0.36,10
F,0.694,0.519,0.172,1.721,0.73,0.381,0.565,13
F,0.604,0.479,0.158,1.094,0.469,0.242,0.296,8
F,0.596,0.483,0.167,1.236,0.532,0.315,0.353,10
M,0.445,0.35,0.118,0.49,0.172,0.122,0.152,10
M,0.63,0.475,0.153,1.131,0.596,0.223,0.28,9
I,0.525,0.44,0.134,0.683,0.342,0.144,0.209,13
F,0.615,0.519,0.153,1.204,0.623,0.184,0.35,13
M,0.484,0.374,0.14,0.574,0.244,0.1,0.193,15
M,0.659,0.48,0.187,1.451,0.602,0.398,0.43,10
I,0.507,0.367,0.147,0.483,0.199,0.151,0.152,8
F,0.603,0.479,0.138,0.98,0.447,0.224,0.253,7
I,0.541,0.42,0.151,0.596,0.24,0.147,0.195,11
F,0.585,0.446,0.137,0.806,0.327,0.175,0.222,17
M,0.647,0.507,0.178,1.47,0.715,0.351,0.372,9
I,0.594,0.452,0.148,0.71,0.301,0.17,0.184,12
F,0.731,0.556,0.191,1.756,0.676,0.405,0.509,12
I,0.496,0.414,0.143,0.591,0.255,0.132,0.172,8
F,0.574,0.451,0.15,0.88,0.347,0.196,0.269,10
I,0.348,0.244,0.077,0.166,0.073,0.047,0.051,7
F,0.365,0.293,0.109,0.279,0.101,0.061,0.089,12
M,0.537,0.39,0.189,0.827,0.326,0.166,0.292,16
M,0.646,0.507,0.192,1.783,0.622,0.311,0.674,12
M,0.582,0.45,0.149,0.956,0.415,0.256,0.255,9
I,0.388,0.323,0.1,0.327,0.15,0.071,0.095,6
M,0.436,0.334,0.103,0.354,0.151,0.101,0.123,10
I,0.482,0.351,0.122,0.471,0.199,0.1,0.151,11
I,0.385,0.266,0.089,0.326,0.18,0.045,0.07,7
M,0.571,0.47,0.162,0.943,0.4,0.248,0.235,8
I,0.283,0.218,0.093,0.11,0.04,0.025,0.032,7
I,0.318,0.23,0.077,0.15,0.064,0.029,0.043,6
M,0.522,0.411,0.133,0.654,0.292,0.138,0.209,9
I,0.43,0.303,0.117,0.593,0.264,0.136,0.159,8
F,0.55,0.399,0.134,0.72,0.337,0.167,0.169,8
M,0.597,0.469,0.211,1.924,0.999,0.402,0.467,10
M,0.595,0.493,0.179,1.104,0.454,0.319,0.278,10
I,0.544,0.402,0.139,0.758,0.316,0.14,0.222,9
F,0.618,0.593,0.21,1.735,0.742,0.393,0.45,10
F,0.643,0.48,0.214,1.493,0.707,0.359,0.4,10
F,0.582,0.506,0.164,1.054,0.429,0.207,0.327,14
M,0.606,0.475,0.187,1.21,0.402,0.24,0.399,17
F,0.69,0.592,0.169,1.491,0.617,0.386,0.501,15
M,0.637,0.48,0.165,1.096,0.467,0.226,0.323,9
M,0.579,0.463,0.134,1.17,0.533,0.289,0.273,8
I,0.274,0.217,0.082,0.128,0.073,0.023,0.032,5
M,0.724,0.569,0.179,1.891,0.906,0.446,0.439,10
M,0.62,0.487,0.14,0.897,0.378,0.195,0.279,8
I,0.621,0.488,0.149,1.089,0.591,0.238,0.268,10
M,0.404,0.246,0.103,0.312,0.142,0.069,0.096,8
F,0.471,0.395,0.153,0.647,0.238,0.17,0.211,9
F,0.62,0.447,0.141,0.871,0.4,0.222,0.281,9
M,0.739,0.512,0.197,1.851,0.923,0.437,0.423,10
F,0.592,0.438,0.144,0.817,0.433,0.15,0.239,8
F,0.755,0.616,0.212,2.585,1.081,0.418,0.605,11
M,0.525,0.401,0.143,0.715,0.207,0.17,0.224,14
M,0.654,0.532,0.175,1.25,0.612,0.275,0.334,9
M,0.626,0.517,0.175,1.242,0.491,0.253,0.38,11
I,0.34,0.235,0.068,0.144,0.061,0.031,0.05,6
I,0.538,0.442,0.134,0.615,0.245,0.149,0.223,10
F,0.632,0.491,0.175,1.248,0.542,0.258,0.333,10
I,0.388,0.3,0.099,0.256,0.114,0.053,0.082,7
M,0.801,0.598,0.205,2.158,1.005,0.48,0.571,10
M,0.69,0.512,0.195,1.781,0.782,0.443,0.477,12
F,0.434,0.363,0.09,0.387,0.161,0.089,0.115,9
I,0.453,0.345,0.114,0.445,0.187,0.108,0.114,11
F,0.683,0.534,0.152,1.054,0.487,0.228,0.297,9
M,0.446,0.34,0.131,0.49,0.188,0.096,0.167,13
M,0.694,0.524,0.161,1.374,0.617,0.284,0.351,8
I,0.468,0.373,0.112,0.601,0.303,0.102,0.132,7
I,0.245,0.185,0.064,0.067,0.023,0.015,0.022,5
F,0.518,0.369,0.142,0.585,0.25,0.145,0.18,15
M,0.613,0.502,0.197,1.426,0.574,0.314,0.399,14
I,0.643,0.465,0.172,1.201,0.505,0.268,0.314,12
M,0.608,0.502,0.202,1.289,0.482,0.259,0.453,10
F,0.662,0.475,0.171,1.529,0.658,0.307,0.408,12
I,0.423,0.351,0.11,0.431,0.202,0.096,0.097,7
F,0.596,0.469,0.155,1.362,0.654,0.251,0.321,10
F,0.699,0.576,0.181,1.955,0.807,0.5,0.556,11
F,0.605,0.454,0.14,1.072,0.496,0.309,0.311,10
M,0.643,0.547,0.195,1.6,0.568,0.379,0.472,14
M,0.618,0.503,0.177,1.412,0.713,0.287,0.373,10
F,0.526,0.394,0.144,0.738,0.276,0.17,0.22,11
F,0.513,0.409,0.143,0.607,0.239,0.131,0.214,16
F,0.65,0.498,0.169,1.055,0.558,0.434,0.337,10
F,0.575,0.485,0.151,1.164,0.631,0.168,0.318,10
I,0.458,0.352,0.122,0.442,0.19,0.081,0.137,9
I,0.508,0.402,0.118,0.485,0.196,0.1,0.148,8
F,0.575,0.448,0.156,1.195,0.615,0.228,0.239,9
F,0.611,0.504,0.15,0.94,0.441,0.176,0.275,10
F,0.664,0.52,0.187,1.359,0.576,0.35,0.377,10
I,0.543,0.465,0.135,0.779,0.341,0.137,0.236,6
M,0.684,0.481,0.196,1.683,0.581,0.354,0.483,10
I,0.416,0.309,0.108,0.325,0.108,0.07,0.123,9
F,0.449,0.361,0.124,0.566,0.247,0.131,0.18,10
M,0.584,0.475,0.174,1.157,0.513,0.245,0.281,9
M,0.604,0.511,0.158,1.293,0.549,0.283,0.421,12
M,0.467,0.378,0.147,0.591,0.246,0.139,0.194,8
I,0.265,0.2,0.052,0.09,0.036,0.02,0.025,4
M,0.6,0.508,0.154,1.168,0.668,0.236,0.296,11
M,0.531,0.426,0.164,0.743,0.287,0.164,0.228,15
M,0.615,0.518,0.168,1.342,0.623,0.296,0.334,11
F,0.543,0.405,0.144,0.861,0.358,0.195,0.237,9
M,0.635,0.489,0.147,1.202,0.582,0.255,0.284,9
F,0.564,0.454,0.151,0.968,0.436,0.22,0.276,8
M,0.606,0.457,0.137,0.813,0.341,0.185,0.258,10
I,0.539,0.438,0.134,0.657,0.291,0.135,0.209,8
I,0.551,0.414,0.129,0.543,0.234,0.118,0.167,8
M,0.508,0.386,0.12,0.673,0.328,0.114,0.175,7
M,0.485,0.359,0.104,0.408,0.192,0.101,0.108,7
F,0.725,0.549,0.181,1.78,0.827,0.34,0.434,10
F,0.589,0.451,0.141,0.959,0.476,0.208,0.26,11
M,0.594,0.464,0.159,0.795,0.359,0.17,0.282,11
I,0.401,0.303,0.099,0.305,0.122,0.059,0.103,8
M,0.456,0.348,0.126,0.52,0.198,0.163,0.186,11
M,0.509,0.379,0.14,0.682,0.302,0.21,0.156,10
F,0.692,0.517,0.209,1.591,0.792,0.295,0.442,10
I,0.473,0.33,0.1,0.436,0.194,0.089,0.138,9
I,0.261,0.193,0.062,0.094,0.038,0.024,0.027,5
F,0.618,0.465,0.235,1.073,0.389,0.213,0.364,15
F,0.51,0.407,0.131,0.689,0.305,0.134,0.205,10
M,0.645,0.513,0.207,1.534,0.621,0.367,0.424,10
I,0.415,0.334,0.095,0.457,0.261,0.083,0.099,6
F,0.482,0.377,0.141,0.514,0.176,0.14,0.189,16
I,0.527,0.431,0.143,0.667,0.319,0.139,0.162,9
F,0.434,0.338,0.114,0.427,0.17,0.099,0.141,9
M,0.551,0.45,0.161,0.927,0.307,0.176,0.356,13
M,0.586,0.459,0.144,0.938,0.453,0.263,0.242,9
F,0.713,0.58,0.216,2.002,0.89,0.482,0.589,12
F,0.643,0.478,0.138,1.162,0.565,0.239,0.3,11
M,0.527,0.415,0.133,0.696,0.357,0.155,0.177,9
I,0.57,0.435,0.131,0.794,0.366,0.155,0.241,9
M,0.47,0.369,0.122,0.623,0.268,0.112,0.173,10
F,0.589,0.454,0.161,1.003,0.463,0.227,0.282,8
M,0.681,0.505,0.161,1.464,0.721,0.305,0.325,9
M,0.566,0.464,0.145,0.929,0.442,0.222,0.241,9
I,0.44,0.358,0.117,0.399,0.192,0.087,0.104,7
M,0.527,0.398,0.124,0.556,0.241,0.125,0.184,8
I,0.296,0.226,0.073,0.15,0.069,0.06,0.043,9
M,0.52,0.39,0.124,0.613,0.324,0.15,0.154,7
F,0.666,0.495,0.156,1.296,0.54,0.284,0.407,11
F,0.621,0.487,0.192,1.118,0.38,0.319,0.32,12
M,0.74,0.583,0.245,2.267,0.978,0.402,0.63,12
I,0.439,0.294,0.104,0.327,0.12,0.07,0.101,7
F,0.648,0.5,0.162,1.353,0.687,0.264,0.285,9
M,0.604,0.464,0.18,1.34,0.468,0.27,0.415,16
M,0.626,0.483,0.153,1.288,0.65,0.262,0.313,8
I,0.481,0.358,0.131,0.57,0.239,0.096,0.172,9
F,0.675,0.56,0.183,1.417,0.542,0.284,0.451,10
M,0.412,0.341,0.094,0.349,0.133,0.084,0.116,14
M,0.564,0.466,0.127,1.178,0.61,0.263,0.249,9
F,0.688,0.551,0.188,1.715,0.739,0.361,0.504,12
F,0.592,0.467,0.167,1.267,0.526,0.263,0.29,13
F,0.606,0.486,0.177,1.155,0.489,0.272,0.324,10
M,0.575,0.458,0.153,0.987,0.453,0.168,0.261,16
F,0.65,0.489,0.202,1.301,0.552,0.296,0.38,11
F,0.617,0.503,0.158,1.16,0.466,0.285,0.36,11
M,0.659,0.501,0.157,1.396,0.72,0.254,0.335,10
M,0.662,0.511,0.152,1.335,0.533,0.307,0.46,10
M,0.55,0.431,0.167,1.105,0.36,0.21,0.413,14
I,0.491,0.363,0.126,0.486,0.185,0.121,0.136,9
F,0.661,0.491,0.176,1.572,0.753,0.337,0.467,11
F,0.459,0.378,0.106,0.528,0.226,0.146,0.133,11
F,0.688,0.544,0.2,1.69,0.619,0.394,0.491,12
M,0.612,0.462,0.175,1.015,0.474,0.261,0.295,10
M,0.53,0.428,0.17,0.73,0.182,0.167,0.302,11
I,0.384,0.282,0.087,0.235,0.111,0.042,0.067,6
M,0.592,0.463,0.155,1.122,0.566,0.215,0.244,9
M,0.583,0.455,0.148,0.846,0.395,0.187,0.253,10
F,0.638,0.506,0.177,1.53,0.635,0.313,0.387,11
I,0.469,0.381,0.111,0.49,0.229,0.122,0.122,7
I,0.312,0.237,0.071,0.154,0.055,0.031,0.054,8
I,0.265,0.195,0.068,0.099,0.033,0.025,0.035,5
F,0.485,0.383,0.145,0.652,0.277,0.141,0.173,8
M,0.583,0.482,0.201,1.053,0.443,0.182,0.317,18
I,0.535,0.411,0.144,0.937,0.418,0.2,0.245,17
F,0.467,0.377,0.133,0.58,0.203,0.105,0.214,14
I,0.524,0.408,0.124,0.591,0.228,0.126,0.214,8
M,0.338,0.21,0.073,0.119,0.044,0.027,0.035,6
M,0.535,0.417,0.135,0.773,0.283,0.193,0.19,16
I,0.532,0.4,0.13,0.582,0.268,0.12,0.205,9
F,0.601,0.477,0.231,1.556,0.522,0.275,0.503,17
M,0.705,0.558,0.244,2.267,1.319,0.403,0.516,13
F,0.483,0.362,0.128,0.473,0.205,0.102,0.146,8
M,0.586,0.43,0.132,0.787,0.302,0.196,0.232,9
M,0.658,0.53,0.22,1.72,0.846,0.405,0.454,14
I,0.417,0.311,0.112,0.321,0.134,0.061,0.104,8
F,0.556,0.45,0.171,0.947,0.356,0.259,0.291,9
M,0.643,0.479,0.176,1.121,0.511,0.242,0.346,11
F,0.52,0.435,0.143,0.881,0.336,0.238,0.201,8
I,0.49,0.365,0.128,0.574,0.245,0.129,0.164,10
I,0.404,0.314,0.112,0.339,0.198,0.063,0.09,6
I,0.398,0.316,0.068,0.306,0.165,0.063,0.092,6
I,0.453,0.335,0.112,0.437,0.23,0.072,0.109,7
F,0.525,0.431,0.161,0.793,0.279,0.153,0.285,10
I,0.564,0.477,0.153,0.995,0.478,0.19,0.244,9
F,0.635,0.517,0.173,1.258,0.607,0.292,0.323,9
F,0.46,0.355,0.11,0.49,0.186,0.139,0.129,12
I,0.686,0.506,0.168,1.265,0.59,0.303,0.371,9
F,0.635,0.49,0.188,1.499,0.531,0.341,0.56,16
M,0.356,0.277,0.094,0.25,0.108,0.045,0.071,10
F,0.532,0.407,0.166,0.94,0.36,0.245,0.28,18
I,0.596,0.46,0.132,0.891,0.347,0.216,0.311,10
M,0.613,0.479,0.169,1.231,0.471,0.29,0.428,16
F,0.628,0.479,0.175,1.099,0.448,0.232,0.329,10
M,0.515,0.397,0.161,0.789,0.318,0.152,0.287,13
F,0.512,0.416,0.111,0.577,0.245,0.134,0.14,9
F,0.656,0.552,0.197,1.415,0.558,0.306,0.403,13
M,0.532,0.409,0.119,0.585,0.236,0.13,0.181,11
M,0.588,0.476,0.122,1.057,0.533,0.227,0.239,9
F,0.591,0.476,0.162,1.196,0.557,0.221,0.276,6
